element_type,osmid,nodes,building,geometry,addr:RU:egrn,addr:housenumber,addr:street,source:addr
way,510193451,"[4992485454, 4992485453, 4992485452, 4992485451, 4992485450, 4992485449, 4992485454]",yes,"POLYGON ((34.3664519 53.1384752, 34.3665282 53.1383535, 34.3666584 53.1383829, 34.3666068 53.1384651, 34.3665791 53.1384588, 34.3665543 53.1384983, 34.3664519 53.1384752))",,,,
way,510193452,"[4992485458, 4992485457, 4992485456, 4992485455, 4992485458]",yes,"POLYGON ((34.3669482 53.1379635, 34.3669864 53.1378994, 34.3671363 53.1379316, 34.3670981 53.1379957, 34.3669482 53.1379635))",,,,
way,510193453,"[4992485462, 4992485461, 4992485460, 4992485459, 4992485462]",yes,"POLYGON ((34.3669021 53.1377979, 34.3669758 53.1376789, 34.3670825 53.1377026, 34.3670088 53.1378216, 34.3669021 53.1377979))","Брянская область, р-н Брянский, п Свень, пер Луначарского, уч 5/2",5/2,переулок Луначарского,ЕГРН
way,510193454,"[4992485466, 4992485465, 4992485464, 4992485463, 4992485466]",yes,"POLYGON ((34.3666744 53.1381233, 34.3667428 53.1380228, 34.3668743 53.138055, 34.3668059 53.1381555, 34.3666744 53.1381233))","Брянская область, р-н Брянский, п Свень, пер Луначарского, д 3",3,переулок Луначарского,ЕГРН
way,510193455,"[4992485470, 4992485469, 4992485468, 4992485467, 4992485470]",yes,"POLYGON ((34.3683365 53.1387539, 34.3684299 53.1386474, 34.3685442 53.1386835, 34.3684507 53.1387899, 34.3683365 53.1387539))","Брянская область, р-н Брянский, п Свень, ул Свенская, д 12а",12А,Свенская улица,ЕГРН
way,510193456,"[4992485476, 4992485475, 4992485474, 4992485473, 4992485472, 4992485471, 4992485476]",yes,"POLYGON ((34.3663497 53.1387588, 34.36638 53.1387036, 34.3666278 53.1387527, 34.3665768 53.1388454, 34.3663874 53.1388079, 34.366408 53.1387703, 34.3663497 53.1387588))","Брянская область, р-н Брянский, п Свень, ул Луначарского, д 8, кв 2",8,улица Луначарского,ЕГРН
way,510193457,"[4992485480, 4992485479, 4992485478, 4992485477, 4992485480]",yes,"POLYGON ((34.3659541 53.138702, 34.3659982 53.1386251, 34.3662321 53.1386734, 34.3661879 53.1387503, 34.3659541 53.138702))","Российская Федерация, Брянская область, Брянский муниципальный район, Свенское сельское поселение, п. Свень, ул. Луначарского, з/у 6/2",6/2,улица Луначарского,ЕГРН
way,510193458,"[4992485484, 4992485483, 4992485482, 4992485481, 4992485484]",yes,"POLYGON ((34.3654055 53.1385859, 34.365672 53.1386469, 34.3657151 53.1385791, 34.3654486 53.1385181, 34.3654055 53.1385859))","Брянская обл, р-н Брянский, п Свень, ул Луначарского, д 4/2",4/2,улица Луначарского,ЕГРН
way,510193459,"[4992485488, 4992485487, 4992485486, 4992485485, 4992485488]",yes,"POLYGON ((34.3650154 53.1385342, 34.3650565 53.1384417, 34.3647259 53.1383887, 34.3646848 53.1384812, 34.3650154 53.1385342))",,,,
way,510193460,"[4992485494, 4992485493, 4992485492, 4992485491, 4992485490, 4992485489, 4992485494]",yes,"POLYGON ((34.3645365 53.1387094, 34.3646764 53.1387337, 34.3646429 53.1388033, 34.3647431 53.1388207, 34.3648358 53.138628, 34.3645957 53.1385864, 34.3645365 53.1387094))","Брянская обл, р-н Брянский, п Свень, ул Луначарского участок №2 А",2А,улица Луначарского,ЕГРН
way,510193461,"[4992485500, 4992485499, 4992485498, 4992485497, 4992485496, 4992485495, 4992485500]",yes,"POLYGON ((34.3640681 53.1384225, 34.3644157 53.138487, 34.3644913 53.1383402, 34.3643162 53.1383077, 34.3643031 53.1383331, 34.3641307 53.1383011, 34.3640681 53.1384225))","Брянская область, р-н Брянский, п Свень, ул Луначарского, д 2Б",2Б,улица Луначарского,ЕГРН
way,510193462,"[4992485506, 4992485505, 4992485504, 4992485503, 4992485502, 4992485501, 4992485506]",yes,"POLYGON ((34.3618774 53.1410425, 34.3620376 53.1410763, 34.3621175 53.1409402, 34.3620226 53.1409202, 34.3619771 53.1409978, 34.3619118 53.140984, 34.3618774 53.1410425))","Брянская обл, р-н Брянский, п Свень, ул Молодежная, дом 18 ""А""",18А,Молодёжная улица,ЕГРН
way,510193463,"[4992485510, 4992485509, 4992485508, 4992485507, 4992485510]",yes,"POLYGON ((34.3694565 53.1379187, 34.3696273 53.1377054, 34.3699404 53.1377956, 34.3697696 53.1380089, 34.3694565 53.1379187))","Брянская область, р-н Брянский, п Свень, ул Свенская, уч 3",3,Свенская улица,ЕГРН
way,510193464,"[4992485518, 4992485517, 4992485516, 4992485515, 4992485514, 4992485513, 4992485512, 4992485511, 4992485518]",yes,"POLYGON ((34.3625885 53.1389782, 34.3626957 53.1388088, 34.3625609 53.1387781, 34.3628843 53.1382674, 34.363321 53.1383669, 34.3629981 53.1388769, 34.3628696 53.1388476, 34.3627619 53.1390177, 34.3625885 53.1389782))",,9,Молодёжная улица,
way,510193465,"[4992485622, 4992485621, 4992485520, 4992485519, 4992485622]",yes,"POLYGON ((34.3648077 53.1366072, 34.364994 53.1363656, 34.3651653 53.1364131, 34.364979 53.1366547, 34.3648077 53.1366072))","Брянская обл, р-н Брянский, п Свень, ул Молодежная, д 4",4,Молодёжная улица,ЕГРН
way,510193466,"[4992485626, 4992485625, 4992485624, 4992485623, 4992485626]",yes,"POLYGON ((34.3656606 53.1370361, 34.3657565 53.1368817, 34.3659056 53.1369151, 34.3658097 53.1370694, 34.3656606 53.1370361))","обл. Брянская, р-н Брянский, п. Свень, ул. Молодежная, дом 4А, квартира 2",4А,Молодёжная улица,ЕГРН
way,510193467,"[4992485630, 4992485629, 9673464115, 9673464113, 9673464114, 9673464116, 4992485628, 9673495028, 4992485627, 9673495029, 9673495030, 9673495032, 9673495027, 9673495026, 9673495031, 9673495025, 9673495024, 9673495023, 9673495022, 9673495021, 9673495018, 9673495019, 9673495020, 9673495017, 4992485630]",yes,"POLYGON ((34.3664301 53.1368258, 34.3665808 53.136579, 34.3668197 53.1366315, 34.3668276 53.1366186, 34.3669772 53.1366515, 34.3669692 53.1366647, 34.3671962 53.1367146, 34.3670396 53.1369712, 34.3670856 53.1369813, 34.3670109 53.1371036, 34.3671173 53.137127, 34.3669545 53.1373937, 34.3666812 53.1373336, 34.3667434 53.1372318, 34.3666132 53.1372032, 34.3667882 53.1369165, 34.3668739 53.1369354, 34.366954 53.1368042, 34.3666738 53.1367427, 34.3665958 53.1368705, 34.3666653 53.1368857, 34.3665035 53.1371508, 34.366224 53.1370894, 34.3663902 53.136817, 34.3664301 53.1368258))","Брянская область, р-н Брянский, п Свень, пер Луначарского, уч 7",7,переулок Луначарского,ЕГРН
way,510193470,"[4992485650, 4992485649, 4992485648, 4992485647, 4992485646, 4992485645, 4992485644, 4992485643, 4992485650]",school,"POLYGON ((34.365819 53.1365764, 34.365701 53.1364217, 34.3659693 53.1363481, 34.3660224 53.1364177, 34.3662149 53.1363648, 34.366334 53.136521, 34.3660693 53.1365937, 34.3660151 53.1365226, 34.365819 53.1365764))",,9,улица Луначарского,
way,510193474,"[4992485670, 4992485669, 4992485668, 4992485667, 4992485670]",yes,"POLYGON ((34.3651208 53.1361701, 34.3653973 53.1358093, 34.3655602 53.1358542, 34.3652838 53.136215, 34.3651208 53.1361701))",,2,Молодёжная улица,
way,510193475,"[4992485674, 4992485673, 4992485672, 4992485671, 4992485674]",yes,"POLYGON ((34.3646064 53.1360345, 34.3648749 53.1356665, 34.3650581 53.1357146, 34.3647896 53.1360826, 34.3646064 53.1360345))",,1,Молодёжная улица,
way,510193476,"[4992485678, 4992485677, 4992485676, 4992485675, 4992485678]",yes,"POLYGON ((34.3641347 53.135241, 34.3645243 53.135329, 34.3645897 53.1352248, 34.3642 53.1351369, 34.3641347 53.135241))","Брянская область, р-н Брянский, п Свень, ул Клубная, д 4",4,Клубная улица,ЕГРН
way,510193477,"[4992485682, 4992485681, 4992485680, 4992485679, 4992485682]",yes,"POLYGON ((34.3637029 53.1351698, 34.3638613 53.1349108, 34.3640143 53.1349445, 34.3638559 53.1352035, 34.3637029 53.1351698))","Брянская область, р-н Брянский, п Свень, ул Клубная, д 2а/2",2А/2,Клубная улица,ЕГРН
way,510193478,"[4992485686, 4992485685, 4992485684, 4992485683, 4992485686]",yes,"POLYGON ((34.3639346 53.135543, 34.3640234 53.1354243, 34.3644827 53.135548, 34.3643938 53.1356667, 34.3639346 53.135543))","Брянская область, р-н Брянский, п Свень, ул Клубная, д 1",1,Клубная улица,ЕГРН
way,510193479,"[4992485690, 4992485689, 4992485688, 4992485687, 4992485690]",yes,"POLYGON ((34.3637624 53.135803, 34.3638413 53.1356981, 34.3644577 53.1358648, 34.3643788 53.1359697, 34.3637624 53.135803))",,1,Советская улица,
way,510193480,"[4992485694, 4992485693, 4992485692, 4992485691, 4992485694]",yes,"POLYGON ((34.3635532 53.1360718, 34.3636321 53.1359668, 34.3642485 53.1361336, 34.3641696 53.1362385, 34.3635532 53.1360718))",,2,Советская улица,
way,510193481,"[4992485698, 4992485697, 4992485696, 4992485695, 4992485698]",yes,"POLYGON ((34.3633621 53.1363409, 34.363441 53.136236, 34.3640574 53.1364027, 34.3639785 53.1365076, 34.3633621 53.1363409))",,3,Советская улица,
way,510193482,"[4992485704, 4992485703, 4992485702, 4992485701, 4992485700, 4992485699, 4992485704]",yes,"POLYGON ((34.3629243 53.1368833, 34.3632588 53.1369656, 34.3632971 53.1369095, 34.3636408 53.1369941, 34.3637162 53.1368838, 34.363038 53.1367169, 34.3629243 53.1368833))","Брянская область, р-н Брянский, п Свень, ул Советская, уч 4",4,Советская улица,ЕГРН
way,510193483,"[4992485708, 4992485707, 4992485706, 4992485705, 4992485708]",yes,"POLYGON ((34.3626243 53.1371601, 34.3627091 53.1370479, 34.3634152 53.13724, 34.3633304 53.1373522, 34.3626243 53.1371601))",,5,Советская улица,
way,510193484,"[4992485714, 4992485713, 4992485712, 4992485711, 4992485710, 4992485709, 4992485714]",yes,"POLYGON ((34.3635603 53.1374174, 34.3638854 53.1374859, 34.3640141 53.1372661, 34.3638194 53.1372251, 34.3637339 53.1373712, 34.3636035 53.1373437, 34.3635603 53.1374174))","Брянская обл, р-н Брянский, п Свень, ул Молодежная, уч №7 А",7А,Молодёжная улица,ЕГРН
way,510193485,"[4992485720, 4992485719, 4992485718, 4992485717, 4992485716, 4992485715, 4992485720]",yes,"POLYGON ((34.3639867 53.137966, 34.3641074 53.1377777, 34.3642764 53.1378147, 34.3642254 53.1378968, 34.3644695 53.1379515, 34.3643944 53.1380657, 34.3639867 53.137966))","Брянская обл, р-н Брянский, п Свень, ул Молодежная, д 10",10,Молодёжная улица,ЕГРН
way,510193486,"[4992485824, 4992485823, 4992485822, 4992485821, 4992485824]",yes,"POLYGON ((34.3641819 53.1376541, 34.364364 53.1373726, 34.3645653 53.1374194, 34.3643832 53.1377009, 34.3641819 53.1376541))","Брянская область, р-н Брянский, п Свень, ул Молодежная, д 8",8,Молодёжная улица,ЕГРН
way,510193487,"[4992485828, 4992485827, 4992485826, 4992485825, 4992485828]",yes,"POLYGON ((34.3645471 53.1380992, 34.3646206 53.1379854, 34.3653454 53.1381537, 34.3652719 53.1382675, 34.3645471 53.1380992))",,1А,улица Луначарского,
way,510193488,"[4992485832, 4992485831, 4992485830, 4992485829, 4992485832]",yes,"POLYGON ((34.3655341 53.1383304, 34.3656088 53.1382159, 34.3661756 53.1383489, 34.3661009 53.1384634, 34.3655341 53.1383304))",,3,улица Луначарского,
way,510193489,"[4992485836, 4992485835, 4992485834, 4992485833, 4992485836]",yes,"POLYGON ((34.366084 53.1381718, 34.3663689 53.1377436, 34.3665658 53.1377907, 34.3662809 53.1382189, 34.366084 53.1381718))",,2,улица Луначарского,
way,510193490,"[4992485840, 4992485839, 4992485838, 4992485837, 4992485840]",yes,"POLYGON ((34.3659711 53.1374624, 34.3660548 53.1373427, 34.3667565 53.1375194, 34.3666728 53.137639, 34.3659711 53.1374624))",,1,Школьная улица,
way,510193491,"[4992485847, 4992485846, 4992485845, 4992485844, 4992485847]",yes,"POLYGON ((34.3650962 53.137252, 34.3657819 53.1374098, 34.3658602 53.1372873, 34.3651744 53.1371295, 34.3650962 53.137252))",,2,Школьная улица,
way,510193492,"[4992485851, 4992485850, 4992485849, 4992485848, 4992485851]",yes,"POLYGON ((34.3647046 53.1378443, 34.3649929 53.1373808, 34.3651872 53.1374243, 34.3648989 53.1378878, 34.3647046 53.1378443))",,8А,Молодёжная улица,
way,1190330210,"[11052384621, 11052384620, 11052384619, 11052384618, 11052384621]",yes,"POLYGON ((34.3676832 53.1364541, 34.3677261 53.136393, 34.3674814 53.1363311, 34.3674385 53.1363923, 34.3676832 53.1364541))","Брянская область, р-н Брянский, п Свень, ул Клубная, уч 7/2",7/2,Клубная улица,ЕГРН
way,1190330211,"[11052384625, 11052384624, 11052384623, 11052384622, 11052384625]",yes,"POLYGON ((34.367981 53.1366182, 34.3680775 53.136467, 34.3679934 53.1364476, 34.3678968 53.1365989, 34.367981 53.1366182))","Брянская область, Брянский район, п. Свень, ул. Клубная, участок 9/1",9/1,Клубная улица,ЕГРН
way,1190330212,"[11052384629, 11052384628, 11052384627, 11052384626, 11052384629]",yes,"POLYGON ((34.368563 53.1365152, 34.3685603 53.1364284, 34.3684528 53.1364296, 34.3684555 53.1365164, 34.368563 53.1365152))",,,,
way,1190330213,"[11052384633, 11052384632, 11052384631, 11052384630, 11052384633]",yes,"POLYGON ((34.3687132 53.136541, 34.3687507 53.1364798, 34.3686334 53.1364539, 34.3685959 53.1365151, 34.3687132 53.136541))","Брянская область, р-н Брянский, п Свень, ул Клубная, уч № 11",11,Клубная улица,ЕГРН
way,1190330216,"[11052384644, 11052384641, 11052384642, 11052384643, 11052384644]",yes,"POLYGON ((34.3701482 53.1378331, 34.3702656 53.1378351, 34.3702682 53.1377788, 34.3701509 53.1377768, 34.3701482 53.1378331))",,,,
way,1190330217,"[11052384648, 11052384645, 11052384646, 11052384647, 11052384648]",yes,"POLYGON ((34.3702045 53.137603, 34.3702823 53.137603, 34.3702823 53.137537, 34.3702045 53.137537, 34.3702045 53.137603))",,,,
way,1190330218,"[11052384652, 11052384649, 11052384650, 11052384651, 11052384652]",yes,"POLYGON ((34.3702555 53.1373471, 34.370323 53.137352, 34.3703364 53.1372844, 34.3702689 53.1372796, 34.3702555 53.1373471))",,,,
way,1190330219,"[11052384656, 11052384653, 11052384654, 11052384655, 11052384656]",yes,"POLYGON ((34.3700463 53.1371492, 34.3701544 53.1371562, 34.3701651 53.1370967, 34.370057 53.1370897, 34.3700463 53.1371492))",,,,
way,1190330220,"[11052384660, 11052384657, 11052384658, 11052384659, 11052384660]",yes,"POLYGON ((34.3694481 53.1369754, 34.3697077 53.1369824, 34.369713 53.13691, 34.3694535 53.136903, 34.3694481 53.1369754))","Брянская область, р-н. Брянский, п. Свень, ул. Свенская, д. 3",3,Свенская улица,ЕГРН
way,1190330221,"[11052384664, 11052384661, 11052384662, 11052384663, 11052384664]",yes,"POLYGON ((34.3688366 53.1368371, 34.368917 53.1368423, 34.3689277 53.1367827, 34.3688473 53.1367775, 34.3688366 53.1368371))",,,,
way,1190330222,"[11052384668, 11052384665, 11052384666, 11052384667, 11052384668]",yes,"POLYGON ((34.3683994 53.1369352, 34.368606 53.1369778, 34.3686356 53.1369263, 34.3684289 53.1368837, 34.3683994 53.1369352))",,,,
way,1190330223,"[11052384672, 11052384669, 11052384670, 11052384671, 11052384672]",yes,"POLYGON ((34.3683082 53.137072, 34.3684245 53.1371036, 34.3684889 53.1370183, 34.3683726 53.1369867, 34.3683082 53.137072))",,,,
way,1190330224,"[11052384676, 11052384673, 11052384674, 11052384675, 11052384676]",yes,"POLYGON ((34.3690324 53.1373793, 34.3691715 53.1374097, 34.3692144 53.1373389, 34.3690753 53.1373085, 34.3690324 53.1373793))","Брянская обл, р-н Брянский, п Свень, ул Свенская, дом 2а",2А,Свенская улица,ЕГРН
way,1190330225,"[11052384680, 11052384677, 11052384678, 11052384679, 11052384680]",yes,"POLYGON ((34.3684208 53.1375241, 34.3685215 53.1375513, 34.368594 53.1374548, 34.3684933 53.1374276, 34.3684208 53.1375241))","Брянская область, р-н Брянский, п Свень, ул Свенская, д 2",2,Свенская улица,ЕГРН
way,1190330226,"[11052384684, 11052384681, 11052384682, 11052384683, 11052384684]",yes,"POLYGON ((34.3684289 53.1378781, 34.3685307 53.1379041, 34.3686004 53.137806, 34.3684986 53.13778, 34.3684289 53.1378781))","обл. Брянская, р-н Брянский, п. Свень, ул. Свенская, дом 6",6,Свенская улица,ЕГРН
way,1190330227,"[11052384688, 11052384685, 11052384686, 11052384687, 11052384688]",yes,"POLYGON ((34.368099 53.1377494, 34.3682546 53.1377835, 34.3683163 53.1376821, 34.3681607 53.137648, 34.368099 53.1377494))","Брянская область, р-н Брянский, п Свень, ул Свенская, д 4",4,Свенская улица,ЕГРН
way,1190330228,"[11052384692, 11052384689, 11052384690, 11052384691, 11052384692]",yes,"POLYGON ((34.3688554 53.1379795, 34.3690153 53.1380104, 34.3690662 53.1379154, 34.3689063 53.1378846, 34.3688554 53.1379795))",,,,
way,1190330229,"[11052384696, 11052384693, 11052384694, 11052384695, 11052384696]",yes,"POLYGON ((34.3690807 53.1380986, 34.3691745 53.1381394, 34.3693167 53.138022, 34.3692228 53.1379811, 34.3690807 53.1380986))","обл. Брянская, р-н Брянский, п. Свень, ул. Свенская, дом 6а",6А,Свенская улица,ЕГРН
way,1190330230,"[11052384700, 11052384697, 11052384698, 11052384699, 11052384700]",yes,"POLYGON ((34.3692926 53.1382691, 34.3693759 53.1382981, 34.3694537 53.1382177, 34.3693703 53.1381887, 34.3692926 53.1382691))",,,,
way,1190330231,"[11052384704, 11052384703, 11052384702, 11052384701, 11052384704]",yes,"POLYGON ((34.3686596 53.1382498, 34.3687403 53.1382694, 34.3687829 53.1382064, 34.3687022 53.1381867, 34.3686596 53.1382498))",,,,
way,1190330232,"[11052388608, 11052388605, 11052388606, 11052388607, 11052388608]",yes,"POLYGON ((34.3681231 53.1380358, 34.3682232 53.1380601, 34.3682634 53.1380006, 34.3681633 53.1379763, 34.3681231 53.1380358))",,,,
way,1190330233,"[11052388612, 11052388611, 11052388610, 11052388609, 11052388612]",yes,"POLYGON ((34.3679756 53.1380004, 34.3680488 53.1380215, 34.368107 53.1379489, 34.3680338 53.1379278, 34.3679756 53.1380004))",,,,
way,1190330234,"[11052388616, 11052388613, 11052388614, 11052388615, 11052388616]",yes,"POLYGON ((34.3677503 53.1379457, 34.3678238 53.1379669, 34.3678908 53.1378832, 34.3678173 53.137862, 34.3677503 53.1379457))","обл. Брянская, р-н Брянский, п. Свень, ул. Свенская, дом 8",8,Свенская улица,ЕГРН
way,1190330235,"[11052388620, 11052388617, 11052388618, 11052388619, 11052388620]",yes,"POLYGON ((34.3676242 53.1378459, 34.3676926 53.1378699, 34.3677489 53.1378119, 34.3676805 53.137788, 34.3676242 53.1378459))",,,,
way,1190330236,"[11052388624, 11052388621, 11052388622, 11052388623, 11052388624]",yes,"POLYGON ((34.367407 53.1378041, 34.3675253 53.1378332, 34.3675683 53.1377705, 34.3674499 53.1377414, 34.367407 53.1378041))",,,,
way,1190330237,"[11052388628, 11052388625, 11052388626, 11052388627, 11052388628]",yes,"POLYGON ((34.3673614 53.138039, 34.3674341 53.1380587, 34.3674824 53.1379943, 34.3674096 53.1379747, 34.3673614 53.138039))",,,,
way,1190330238,"[11052388632, 11052388629, 11052388630, 11052388631, 11052388632]",yes,"POLYGON ((34.3673077 53.1387486, 34.3674136 53.138771, 34.3674619 53.138689, 34.367356 53.1386665, 34.3673077 53.1387486))","Брянская область, р-н Брянский, п Свень, ул Свенская, д 14",14,Свенская улица,ЕГРН
way,1190330239,"[11052388636, 11052388633, 11052388634, 11052388635, 11052388636]",yes,"POLYGON ((34.3675008 53.1385089, 34.3675906 53.1385335, 34.3676631 53.1384386, 34.3675733 53.1384139, 34.3675008 53.1385089))","обл. Брянская, р-н Брянский, п. Свень, ул. Свенская, участок 12",12,Свенская улица,ЕГРН
way,1190330240,"[11052388640, 11052388639, 11052388638, 11052388637, 11052388640]",yes,"POLYGON ((34.3671817 53.1384574, 34.3672879 53.1384867, 34.3673399 53.1384188, 34.3672337 53.1383895, 34.3671817 53.1384574))","Брянская область, р-н Брянский, п Свень, ул Свенская, 12 Б",12Б,Свенская улица,ЕГРН
way,1190330241,"[11052388644, 11052388641, 11052388642, 11052388643, 11052388644]",yes,"POLYGON ((34.3675357 53.1381243, 34.3676285 53.1381499, 34.3676741 53.1380903, 34.3675813 53.1380648, 34.3675357 53.1381243))",,,,
way,1190330242,"[11052388648, 11052388645, 11052388646, 11052388647, 11052388648]",yes,"POLYGON ((34.3677771 53.1382562, 34.3679197 53.1382902, 34.3679868 53.1381888, 34.3678442 53.1381549, 34.3677771 53.1382562))",,,,
way,1190330243,"[11052388652, 11052388651, 11052388650, 11052388649, 11052388652]",yes,"POLYGON ((34.3688929 53.138533, 34.3690832 53.1385486, 34.3691021 53.1384654, 34.3689118 53.1384498, 34.3688929 53.138533))",,,,
way,1190330244,"[11052388656, 11052388653, 11052388654, 11052388655, 11052388656]",yes,"POLYGON ((34.3683431 53.1384783, 34.368454 53.1384874, 34.3684701 53.1384166, 34.3683591 53.1384075, 34.3683431 53.1384783))","Брянская обл, р-н Брянский, п. Свень, ул. Свенская, участок 2/3",2/3,Свенская улица,ЕГРН
way,1190330245,"[11052388660, 11052388659, 11052388658, 11052388657, 11052388660]",yes,"POLYGON ((34.3681204 53.13843, 34.3682458 53.1384511, 34.368276 53.1383866, 34.3681506 53.1383655, 34.3681204 53.13843))",,,,
way,1190330246,"[11052388664, 11052388661, 11052388662, 11052388663, 11052388664]",yes,"POLYGON ((34.3686703 53.1387229, 34.368771 53.1387398, 34.368814 53.1386481, 34.3687132 53.1386311, 34.3686703 53.1387229))",,,,
way,1190330247,"[11052388668, 11052388665, 11052388666, 11052388667, 11052388668]",yes,"POLYGON ((34.3681017 53.1390366, 34.3682208 53.1390712, 34.3683013 53.1389714, 34.3681821 53.1389369, 34.3681017 53.1390366))","Брянская область, р-н Брянский, п Свень, ул Свенская, д 16",16,Свенская улица,ЕГРН
way,1190330248,"[11052388676, 11052388675, 11052388674, 11052388673, 11052388676]",yes,"POLYGON ((34.3677127 53.1391219, 34.3678093 53.1390366, 34.3677305 53.1390045, 34.367634 53.1390898, 34.3677127 53.1391219))",,,,
way,1190330249,"[11052388680, 11052388679, 11052388678, 11052388677, 11052388680]",yes,"POLYGON ((34.3679193 53.1396255, 34.3679836 53.1395113, 34.3678631 53.1394868, 34.3677987 53.1396011, 34.3679193 53.1396255))","Брянская обл, р-н Брянский, п Свень, ул Свенская, уч 20/1",20/1,Свенская улица,ЕГРН
way,1190330250,"[11052388684, 11052388681, 11052388682, 11052388683, 11052388684]",yes,"POLYGON ((34.3682626 53.1396094, 34.3683037 53.1395478, 34.3681982 53.1395225, 34.3681571 53.1395841, 34.3682626 53.1396094))","Брянская обл, р-н Брянский, п Свень, ул Свенская, д 20/2",20/2,Свенская улица,ЕГРН
way,1190330251,"[11052388688, 11052388687, 11052388686, 11052388685, 11052388688]",yes,"POLYGON ((34.3684074 53.1392957, 34.3684396 53.1392474, 34.3683605 53.1392284, 34.3683283 53.1392767, 34.3684074 53.1392957))",,,,
way,1190330252,"[11052388692, 11052388691, 11052388690, 11052388689, 11052388692]",yes,"POLYGON ((34.3683726 53.1394389, 34.3684182 53.1393906, 34.3683681 53.1393736, 34.3683225 53.1394219, 34.3683726 53.1394389))",,,,
way,1190330253,"[11052388696, 11052388695, 11052388694, 11052388693, 11052388696]",yes,"POLYGON ((34.3682009 53.1394598, 34.3682492 53.1393809, 34.368182 53.1393661, 34.3681338 53.139445, 34.3682009 53.1394598))","Брянская обл, р-н Брянский, п Свень, ул Свенская, д 20 А",20А,Свенская улица,ЕГРН
way,1190330254,"[11052388700, 11052388699, 11052388698, 11052388697, 11052388700]",yes,"POLYGON ((34.3679354 53.1392957, 34.367997 53.1392426, 34.3679179 53.1392095, 34.3678563 53.1392626, 34.3679354 53.1392957))","Брянская область, р-н Брянский, п Свень, ул Свенская, уч 18 Б",18Б,Свенская улица,ЕГРН
way,1190330255,"[11052388704, 11052388703, 11052388702, 11052388701, 11052388704]",yes,"POLYGON ((34.3675223 53.1390624, 34.3675813 53.1389883, 34.3674446 53.1389491, 34.3673856 53.1390231, 34.3675223 53.1390624))","обл. Брянская, р-н Брянский, п. Свень, ул. Свенская, дом 18",18,Свенская улица,ЕГРН
way,1190330256,"[11052388708, 11052388707, 11052388706, 11052388705, 11052388708]",yes,"POLYGON ((34.3672192 53.1393037, 34.3672568 53.1392184, 34.3671886 53.1392076, 34.3671511 53.1392929, 34.3672192 53.1393037))","Брянская обл, р-н Брянский, п Свень, пер Свенский, участок №5/3",5/3,Свенский переулок,ЕГРН
way,1190330257,"[11052388712, 11052388711, 11052388710, 11052388709, 11052388712]",yes,"POLYGON ((34.3667713 53.1389529, 34.3668222 53.1389063, 34.3667638 53.1388833, 34.3667128 53.13893, 34.3667713 53.1389529))",,,,
way,1190330258,"[11052388716, 11052388715, 11052388714, 11052388713, 11052388716]",yes,"POLYGON ((34.3668383 53.1394855, 34.3668839 53.1394147, 34.3667928 53.1393936, 34.3667472 53.1394644, 34.3668383 53.1394855))",,,,
way,1190330259,"[11052388720, 11052388719, 11052388718, 11052388717, 11052388720]",yes,"POLYGON ((34.3665272 53.1392361, 34.3665647 53.1391734, 34.3664856 53.1391563, 34.3664481 53.1392191, 34.3665272 53.1392361))",,,,
way,1190330260,"[11052388724, 11052388721, 11052388722, 11052388723, 11052388724]",yes,"POLYGON ((34.3666935 53.1396915, 34.3667259 53.1396516, 34.366554 53.1396014, 34.3665216 53.1396412, 34.3666935 53.1396915))",,,,
way,1190330261,"[11052388728, 11052388727, 11052388726, 11052388725, 11052388728]",yes,"POLYGON ((34.3664253 53.1394276, 34.3664789 53.1393616, 34.3663484 53.1393234, 34.3662947 53.1393894, 34.3664253 53.1394276))",,,,
way,1190330262,"[11052388742, 11052388739, 11052388740, 11052388741, 11052388742]",yes,"POLYGON ((34.3665084 53.1415289, 34.3665955 53.1415621, 34.3666706 53.1414913, 34.3665835 53.1414581, 34.3665084 53.1415289))","Российская Федерация, Брянская область, Брянский муниципальный район, Свенское сельское поселение, п Свень, ул Свенская, уч 18А",18А,Свенская улица,ЕГРН
way,1190330263,"[11052388751, 11052388748, 11052388749, 11052388750, 11052388751]",yes,"POLYGON ((34.3676296 53.1399392, 34.3678596 53.1399819, 34.3678944 53.1399144, 34.3676645 53.1398717, 34.3676296 53.1399392))",,,,
way,1190330264,"[11052388755, 11052388752, 11052388753, 11052388754, 11052388755]",yes,"POLYGON ((34.3674204 53.1409143, 34.3674807 53.1409505, 34.3675692 53.1408974, 34.3675089 53.1408612, 34.3674204 53.1409143))",,,,
way,1190330265,"[11052388759, 11052388756, 11052388757, 11052388758, 11052388759]",yes,"POLYGON ((34.3675679 53.140623, 34.3677437 53.1406816, 34.3678108 53.1406092, 34.3676349 53.1405506, 34.3675679 53.140623))",,,,
way,1190330266,"[11052388763, 11052388762, 11052388761, 11052388760, 11052388763]",yes,"POLYGON ((34.3672594 53.1402321, 34.3674139 53.1402747, 34.3674713 53.1401999, 34.3673169 53.1401572, 34.3672594 53.1402321))",,,,
way,1190330267,"[11052388767, 11052388764, 11052388765, 11052388766, 11052388767]",yes,"POLYGON ((34.3668571 53.1404638, 34.3669802 53.1404977, 34.367058 53.1403964, 34.3669349 53.1403624, 34.3668571 53.1404638))","Брянская обл, р-н Брянский, п Свень, ул Свенская, дом 30",30,Свенская улица,ЕГРН
way,1190330268,"[11052388771, 11052388770, 11052388769, 11052388768, 11052388771]",yes,"POLYGON ((34.3667257 53.1406375, 34.3668359 53.1406589, 34.3668786 53.1405796, 34.3667683 53.1405583, 34.3667257 53.1406375))",,,,
way,1190330269,"[11052388775, 11052388772, 11052388773, 11052388774, 11052388775]",yes,"POLYGON ((34.3666694 53.1408563, 34.3667887 53.1408794, 34.3668424 53.1407797, 34.366723 53.1407566, 34.3666694 53.1408563))","Брянская область, р-н Брянский, п Свень, ул Свенская, д 34",34,Свенская улица,ЕГРН
way,1190330270,"[11052388779, 11052388776, 11052388777, 11052388778, 11052388779]",yes,"POLYGON ((34.3656287 53.1406021, 34.3657532 53.1406204, 34.3657827 53.140548, 34.3656582 53.1405297, 34.3656287 53.1406021))","обл. Брянская, р-н Брянский, п. Свень, пер. Свенский, дом 10",10,Свенский переулок,ЕГРН
way,1190330271,"[11052388783, 11052388780, 11052388781, 11052388782, 11052388783]",yes,"POLYGON ((34.3655428 53.140792, 34.3657094 53.1408075, 34.3657282 53.1407351, 34.3655616 53.1407196, 34.3655428 53.140792))","Брянская область, р-н Брянский, п Свень, пер Свенский, уч 12",12,Свенский переулок,ЕГРН
way,1190330272,"[11052388787, 11052388784, 11052388785, 11052388786, 11052388787]",yes,"POLYGON ((34.3654436 53.1410076, 34.3655819 53.1410239, 34.3656114 53.1409338, 34.3654731 53.1409175, 34.3654436 53.1410076))","обл. Брянская, р-н Брянский, п. Свень, пер. Свенский, дом 14",14,Свенский переулок,ЕГРН
way,1190330273,"[11052388791, 11052388788, 11052388789, 11052388790, 11052388791]",yes,"POLYGON ((34.3661168 53.1414002, 34.3662832 53.1414135, 34.36631 53.1412928, 34.3661436 53.1412795, 34.3661168 53.1414002))","Брянская обл, р-н Брянский, п Свень, ул Свенская, д 36",36,Свенская улица,ЕГРН
way,1190330274,"[11052388795, 11052388792, 11052388793, 11052388794, 11052388795]",yes,"POLYGON ((34.3652451 53.1416367, 34.3653281 53.1416466, 34.3653523 53.1415742, 34.3652692 53.1415643, 34.3652451 53.1416367))","Брянская область, р-н Брянский, п Свень, пер Свенский, д 18",18,Свенский переулок,ЕГРН
way,1190330275,"[11052388799, 11052388798, 11052388797, 11052388796, 11052388799]",yes,"POLYGON ((34.3653631 53.141236, 34.365451 53.1412448, 34.3654731 53.1411653, 34.3653852 53.1411565, 34.3653631 53.141236))","Брянская обл, р-н Брянский, п Свень, пер Свенский, д 16",16,Свенский переулок,ЕГРН
way,1190330276,"[11052388803, 11052388800, 11052388801, 11052388802, 11052388803]",yes,"POLYGON ((34.3647113 53.1413197, 34.3648762 53.1413362, 34.3648923 53.1412783, 34.3647274 53.1412618, 34.3647113 53.1413197))","Брянская обл, р-н Брянский, п Свень, пер Свенский, участок 11",11,Свенский переулок,ЕГРН
way,1190330277,"[11052388807, 11052388804, 11052388805, 11052388806, 11052388807]",yes,"POLYGON ((34.3645987 53.1416527, 34.3646677 53.141657, 34.3646811 53.1415781, 34.3646121 53.1415739, 34.3645987 53.1416527))","Брянская обл, р-н Брянский, п Свень, пер Свенский, участок 13",13,Свенский переулок,ЕГРН
way,1190330278,"[11052388811, 11052388808, 11052388809, 11052388810, 11052388811]",yes,"POLYGON ((34.3642554 53.1419568, 34.3643959 53.1419678, 34.3644146 53.1418809, 34.3642741 53.1418699, 34.3642554 53.1419568))",,,,
way,1190330279,"[11052388815, 11052388812, 11052388813, 11052388814, 11052388815]",yes,"POLYGON ((34.3619674 53.142137, 34.3621122 53.1421355, 34.3621096 53.1420422, 34.3619648 53.1420437, 34.3619674 53.142137))","Брянская область, р-н Брянский, п Свень, ул Молодежная, д 22Б",22Б,Молодёжная улица,ЕГРН
way,1190330280,"[11052388819, 11052388816, 11052388817, 11052388818, 11052388819]",yes,"POLYGON ((34.3616 53.1416527, 34.3617052 53.1416654, 34.3617347 53.1415769, 34.3616295 53.1415643, 34.3616 53.1416527))","Брянская область, р-н Брянский, п Свень, ул Молодежная, д 22",22,Молодёжная улица,ЕГРН
way,1190330281,"[11052388823, 11052388820, 11052388821, 11052388822, 11052388823]",yes,"POLYGON ((34.3616241 53.1418362, 34.3617023 53.1418333, 34.3616915 53.1417271, 34.3616134 53.14173, 34.3616241 53.1418362))","Брянская обл, р-н Брянский, п Свень, ул Молодежная, уч 22 А",22А,Молодёжная улица,ЕГРН
way,1190330282,"[11052388827, 11052388824, 11052388825, 11052388826, 11052388827]",yes,"POLYGON ((34.3616858 53.1413664, 34.3617686 53.1413832, 34.3618169 53.141298, 34.3617341 53.1412811, 34.3616858 53.1413664))",,,,
way,1190330283,"[11052388831, 11052388828, 11052388829, 11052388830, 11052388831]",yes,"POLYGON ((34.3620962 53.1408, 34.3622169 53.1408254, 34.3622544 53.140761, 34.3621337 53.1407357, 34.3620962 53.1408))","обл. Брянская, р-н Брянский, п. Свень, ул. Молодежная, дом 18",18,Молодёжная улица,ЕГРН
way,1190330284,"[11052388835, 11052388832, 11052388833, 11052388834, 11052388835]",yes,"POLYGON ((34.3622705 53.1405812, 34.3623797 53.1406082, 34.362436 53.1405261, 34.3623269 53.1404992, 34.3622705 53.1405812))","Брянская область, р-н Брянский, п Свень, ул Молодежная, д 16",16,Молодёжная улица,ЕГРН
way,1190330285,"[11052388839, 11052388836, 11052388837, 11052388838, 11052388839]",yes,"POLYGON ((34.3625468 53.1401742, 34.3627155 53.1402094, 34.3627557 53.1401403, 34.362587 53.140105, 34.3625468 53.1401742))",,,,
way,1190330286,"[11052388843, 11052388840, 11052388841, 11052388842, 11052388843]",yes,"POLYGON ((34.3631744 53.140356, 34.3632885 53.1403813, 34.3633422 53.1402944, 34.3632281 53.1402691, 34.3631744 53.140356))",,,,
way,1190330287,"[11052388847, 11052388844, 11052388845, 11052388846, 11052388847]",yes,"POLYGON ((34.3641427 53.1406633, 34.3642665 53.1406866, 34.3643121 53.1405998, 34.3641883 53.1405764, 34.3641427 53.1406633))","Брянская обл, р-н Брянский, п Свень, пер Свенский, д. 5 а",5А,Свенский переулок,ЕГРН
way,1190330288,"[11052388851, 11052388848, 11052388849, 11052388850, 11052388851]",yes,"POLYGON ((34.3643734 53.1408338, 34.3645031 53.1408586, 34.3645433 53.140783, 34.3644136 53.1407582, 34.3643734 53.1408338))","Брянская обл, р-н Брянский, п Свень, пер Свенский, д 7",7,Свенский переулок,ЕГРН
way,1190330289,"[11052388855, 11052388852, 11052388853, 11052388854, 11052388855]",yes,"POLYGON ((34.3650198 53.1405796, 34.3651939 53.1405984, 34.365218 53.140518, 34.3650439 53.1404992, 34.3650198 53.1405796))","Брянская область, р-н Брянский, п Свень, пер Свенский, уч. 10А",10А,Свенский переулок,ЕГРН
way,1190330290,"[11052388859, 11052388856, 11052388857, 11052388858, 11052388859]",yes,"POLYGON ((34.3648562 53.1402208, 34.3650101 53.1402463, 34.3650449 53.1401707, 34.364891 53.1401452, 34.3648562 53.1402208))",,,,
way,1190330291,"[11052388863, 11052388860, 11052388861, 11052388862, 11052388863]",yes,"POLYGON ((34.3658486 53.1397977, 34.3659309 53.1398129, 34.3659765 53.1397244, 34.3658942 53.1397092, 34.3658486 53.1397977))","обл. Брянская, р-н Брянский, п. Свень, пер. Свенский, дом 6",6,Свенский переулок,ЕГРН
way,1190330292,"[11052388867, 11052388864, 11052388865, 11052388866, 11052388867]",yes,"POLYGON ((34.3659559 53.1402594, 34.3660464 53.1402791, 34.366092 53.1402034, 34.3660015 53.1401838, 34.3659559 53.1402594))",,,,
way,1190330293,"[11052388871, 11052388868, 11052388869, 11052388870, 11052388871]",yes,"POLYGON ((34.3656099 53.1403914, 34.3657081 53.1404147, 34.3657805 53.1403053, 34.3656823 53.140282, 34.3656099 53.1403914))","Брянская область, р-н Брянский, с/с Свенский, п Свень, пер Свенский, д 8",8,Свенский переулок,ЕГРН
way,1190330294,"[11052388875, 11052388872, 11052388873, 11052388874, 11052388875]",yes,"POLYGON ((34.3653256 53.1401581, 34.3654329 53.1401902, 34.3654785 53.1401355, 34.3653712 53.1401034, 34.3653256 53.1401581))",,,,
way,1190330295,"[11052388879, 11052388876, 11052388877, 11052388878, 11052388879]",yes,"POLYGON ((34.3654436 53.139973, 34.3655967 53.14001, 34.3656519 53.1399277, 34.3654988 53.1398907, 34.3654436 53.139973))","Брянская обл, р-н Брянский, п Свень, пер Свенский, уч-к №6 А",6А,Свенский переулок,ЕГРН
way,1190330298,"[11052388900, 11052388899, 11052388898, 11052388897, 11052388900]",yes,"POLYGON ((34.3661088 53.1391138, 34.366149 53.1390672, 34.3660477 53.1390357, 34.3660074 53.1390824, 34.3661088 53.1391138))","Российская Федерация, Брянская область, муниципальный район Брянский, сельское поселение Свенское, поселок Свень, улица Луначарского, земельный участок 8/1",8/1,улица Луначарского,ЕГРН
way,1190330299,"[11052388904, 11052388901, 11052388902, 11052388903, 11052388904]",yes,"POLYGON ((34.3658888 53.1394244, 34.365929 53.1393581, 34.3657976 53.1393294, 34.3657575 53.1393957, 34.3658888 53.1394244))","Брянская обл, р-н Брянский, п Свень, пер Свенский, д 5",5,Свенский переулок,ЕГРН
way,1190330300,"[11052388908, 11052388907, 11052388906, 11052388905, 11052388908]",yes,"POLYGON ((34.3651298 53.1398636, 34.3651727 53.1397928, 34.3650293 53.1397615, 34.3649863 53.1398323, 34.3651298 53.1398636))","Брянская область, р-н Брянский, п Свень, пер Свенский, д 3",3,Свенский переулок,ЕГРН
way,1190330301,"[11052388912, 11052388911, 11052388910, 11052388909, 11052388912]",yes,"POLYGON ((34.3651432 53.1392973, 34.3652183 53.1392538, 34.3650854 53.1391711, 34.3650103 53.1392146, 34.3651432 53.1392973))","Брянская область, р-н Брянский, п Свень, пер Свенский, д 1",1,Свенский переулок,ЕГРН
way,1190330302,"[11052388916, 11052388915, 11052388914, 11052388913, 11052388916]",yes,"POLYGON ((34.3651405 53.1395627, 34.3651888 53.139508, 34.3650516 53.1394645, 34.3650033 53.1395192, 34.3651405 53.1395627))",,,,
way,1190330303,"[11052388920, 11052388919, 11052388918, 11052388917, 11052388920]",yes,"POLYGON ((34.3638879 53.1391798, 34.364022 53.1390076, 34.3638997 53.1389734, 34.3637656 53.1391455, 34.3638879 53.1391798))",,,,
way,1190330304,"[11052388924, 11052388923, 11052388922, 11052388921, 11052388924]",yes,"POLYGON ((34.3634185 53.1392023, 34.3634722 53.1391283, 34.3633532 53.1390973, 34.3632995 53.1391713, 34.3634185 53.1392023))",,,,
way,1190330305,"[11052388928, 11052388927, 11052388926, 11052388925, 11052388928]",yes,"POLYGON ((34.3635526 53.1389562, 34.3636009 53.1388693, 34.3634641 53.1388419, 34.3634158 53.1389288, 34.3635526 53.1389562))","Российская Федерация, Брянская область, Брянский муниципальный район, Свенское сельское поселение, п. Свень, ул. Молодежная, з/у 14А",14А,Молодёжная улица,ЕГРН
way,1190333678,"[11052405528, 11052405527, 11052405526, 11052405525, 11052405528]",yes,"POLYGON ((34.363389 53.1354983, 34.3634963 53.1353149, 34.3633138 53.1352764, 34.3632065 53.1354599, 34.363389 53.1354983))","Брянская обл, р-н Брянский, п Свень, ул Клубная, уч-к № 1А",1А,Клубная улица,ЕГРН
way,1190395271,"[11053042586, 11053042585, 11053042584, 11053042583, 11053042582, 11053042586]",yes,"POLYGON ((34.3514854 53.1467961, 34.3515149 53.1466561, 34.3509472 53.1466131, 34.3509177 53.146753, 34.3512972 53.1467818, 34.3514854 53.1467961))","Брянская обл, р-н Брянский, п Свень, ул Комсомольская, участок № 29 А",29А,Комсомольская улица,ЕГРН
way,1190395272,"[11053042593, 11053042592, 11053042591, 11053042590, 11053042593]",yes,"POLYGON ((34.3575364 53.1471548, 34.357633 53.1471017, 34.3575527 53.1470492, 34.3574562 53.1471023, 34.3575364 53.1471548))",,,,
way,1190395273,"[11053042597, 11053042596, 11053042595, 11053042594, 11053042597]",yes,"POLYGON ((34.3577805 53.1472819, 34.3576974 53.1472143, 34.3576294 53.1472444, 34.3577126 53.147312, 34.3577805 53.1472819))",,,,
way,1190395274,"[11053042601, 11053042600, 11053042599, 11053042598, 11053042601]",yes,"POLYGON ((34.3600255 53.1440049, 34.3600658 53.1438971, 34.3599519 53.1438818, 34.3599117 53.1439896, 34.3600255 53.1440049))","Российская Федерация, Брянская область, Брянский муниципальный район, Свенское сельское поселение, поселок Свень, улица Комсомольская, земельный участок 1",1,Комсомольская улица,ЕГРН
way,1190395275,"[11053070105, 11053042602, 11053042603, 11053042604, 11053070105]",yes,"POLYGON ((34.3588454 53.1439357, 34.3589145 53.1438227, 34.3587702 53.1437909, 34.3587011 53.1439039, 34.3588454 53.1439357))","обл. Брянская, р-н Брянский, п. Свень, ул. Комсомольская, дом 2",2,Комсомольская улица,ЕГРН
way,1190395276,"[11053070109, 11053070108, 11053070107, 11053070106, 11053070109]",yes,"POLYGON ((34.3598512 53.1443041, 34.359929 53.144177, 34.3597878 53.144146, 34.35971 53.144273, 34.3598512 53.1443041))","Брянская обл, р-н Брянский, п Свень, ул Комсомольская, уч 3 А",3А,Комсомольская улица,ЕГРН
way,1190395277,"[11053070113, 11053070110, 11053070111, 11053070112, 11053070113]",yes,"POLYGON ((34.3598485 53.1445535, 34.3598715 53.1444245, 34.359701 53.1444135, 34.3596779 53.1445425, 34.3598485 53.1445535))","Брянская область, р-н Брянский, п Свень, ул Комсомольская, д 3",3,Комсомольская улица,ЕГРН
way,1190395278,"[11053070117, 11053070114, 11053070115, 11053070116, 11053070117]",yes,"POLYGON ((34.3597198 53.1448527, 34.3597428 53.1447237, 34.3596232 53.144716, 34.3596001 53.144845, 34.3597198 53.1448527))",,,,
way,1190395279,"[11053070121, 11053070120, 11053070119, 11053070118, 11053070121]",yes,"POLYGON ((34.3594569 53.1453225, 34.359473 53.1452324, 34.3593796 53.1452264, 34.3593635 53.1453165, 34.3594569 53.1453225))","Брянская область, р-н Брянский, п Свень, ул Комсомольская, д 5",5,Комсомольская улица,ЕГРН
way,1190395280,"[11053070125, 11053070124, 11053070123, 11053070122, 11053070125]",yes,"POLYGON ((34.3588454 53.1456088, 34.3588695 53.1454914, 34.3587543 53.1454829, 34.3587301 53.1456003, 34.3588454 53.1456088))","Брянская обл, р-н Брянский, п Свень, ул Комсомольская, д 6",6,Комсомольская улица,ЕГРН
way,1190395281,"[11053070129, 11053070128, 11053070127, 11053070126, 11053070129]",yes,"POLYGON ((34.3584484 53.1457858, 34.3585101 53.1457182, 34.3583878 53.1456781, 34.3583261 53.1457456, 34.3584484 53.1457858))","Брянская область, р-н Брянский, п Свень, ул Комсомольская, д 7",7,Комсомольская улица,ЕГРН
way,1190395282,"[11053070133, 11053070130, 11053070131, 11053070132, 11053070133]",yes,"POLYGON ((34.3574157 53.1454029, 34.3574935 53.1453307, 34.3573809 53.1452871, 34.3573031 53.1453593, 34.3574157 53.1454029))","Брянская область, р-н Брянский, п Свень, ул Комсомольская, д 11",11,Комсомольская улица,ЕГРН
way,1190395283,"[11053070137, 11053070134, 11053070135, 11053070136, 11053070137]",yes,"POLYGON ((34.3572172 53.1455944, 34.3573215 53.1454975, 34.3572226 53.1454592, 34.3571184 53.1455561, 34.3572172 53.1455944))","обл. Брянская, р-н Брянский, п. Свень, ул. Комсомольская, дом 12",12,Комсомольская улица,ЕГРН
way,1190395284,"[11053070141, 11053070138, 11053070139, 11053070140, 11053070141]",yes,"POLYGON ((34.3575525 53.1456684, 34.3576319 53.1456991, 34.3576855 53.1456492, 34.3576062 53.1456185, 34.3575525 53.1456684))",,,,
way,1190395285,"[11053070145, 11053070142, 11053070143, 11053070144, 11053070145]",yes,"POLYGON ((34.358038 53.1461108, 34.3582562 53.146223, 34.3583689 53.1461441, 34.3581507 53.1460319, 34.358038 53.1461108))","Брянская область, р-н Брянский, п Свень, ул Комсомольская, уч 8А",8А,Комсомольская улица,ЕГРН
way,1190395286,"[11053070149, 11053070146, 11053070147, 11053070148, 11053070149]",yes,"POLYGON ((34.3577671 53.1460673, 34.3578805 53.1461143, 34.3579583 53.1460467, 34.3578449 53.1459998, 34.3577671 53.1460673))",,,,
way,1190395287,"[11053070153, 11053070152, 11053070151, 11053070150, 11053070153]",yes,"POLYGON ((34.3577832 53.1462829, 34.3576357 53.1462218, 34.3574992 53.1463402, 34.3576468 53.1464013, 34.3577832 53.1462829))","Брянская область, р-н. Брянский, п. Свень, ул. Комсомольская, д. 9а",9А,Комсомольская улица,ЕГРН
way,1190395288,"[11053070157, 11053070156, 11053070155, 11053070154, 11053070157]",yes,"POLYGON ((34.3570751 53.1465998, 34.3570241 53.1465451, 34.3568945 53.1465886, 34.3569455 53.1466433, 34.3570751 53.1465998))",,,,
way,1190395289,"[11053070161, 11053070160, 11053070159, 11053070158, 11053070161]",yes,"POLYGON ((34.3563187 53.1465451, 34.3563965 53.1464341, 34.356308 53.1464118, 34.3562302 53.1465228, 34.3563187 53.1465451))",,,,
way,1190395290,"[11053070165, 11053070164, 11053070163, 11053070162, 11053070165]",yes,"POLYGON ((34.3564421 53.1463714, 34.3564743 53.1462942, 34.3563114 53.1462697, 34.3562793 53.146347, 34.3564421 53.1463714))",,,,
way,1190395291,"[11053070169, 11053070168, 11053070167, 11053070166, 11053070169]",yes,"POLYGON ((34.3565601 53.1461848, 34.3565977 53.1460786, 34.356472 53.1460626, 34.3564344 53.1461688, 34.3565601 53.1461848))","обл. Брянская, р-н Брянский, п. Свень, ул. Комсомольская, дом 15",15,Комсомольская улица,ЕГРН
way,1190395292,"[11053070173, 11053070170, 11053070171, 11053070172, 11053070173]",yes,"POLYGON ((34.3566942 53.1460207, 34.3568104 53.1458953, 34.3566942 53.1458566, 34.3565781 53.145982, 34.3566942 53.1460207))","обл. Брянская, р-н Брянский, п. Свень, ул. Комсомольская, участок №14",14,Комсомольская улица,ЕГРН
way,1190395293,"[11053070177, 11053070176, 11053070175, 11053070174, 11053070177]",yes,"POLYGON ((34.3571716 53.1457858, 34.3572253 53.1457279, 34.3570928 53.1456837, 34.3570391 53.1457416, 34.3571716 53.1457858))",,,,
way,1190395294,"[11053070181, 11053070180, 11053070179, 11053070178, 11053070181]",yes,"POLYGON ((34.3568283 53.1457858, 34.3569034 53.1457182, 34.3567821 53.1456697, 34.356707 53.1457373, 34.3568283 53.1457858))","Брянская область, р-н Брянский, п Свень, ул Комсомольская, д 13а",13А,Комсомольская улица,ЕГРН
way,1190395295,"[11053070185, 11053070184, 11053070183, 11053070182, 11053070185]",yes,"POLYGON ((34.3565386 53.1455702, 34.3566298 53.145493, 34.3565154 53.1454444, 34.3564242 53.1455216, 34.3565386 53.1455702))",,,,
way,1190395296,"[11053070189, 11053070188, 11053070187, 11053070186, 11053070189]",yes,"POLYGON ((34.3557662 53.1454801, 34.3558681 53.1453547, 34.3557215 53.1453118, 34.3556195 53.1454373, 34.3557662 53.1454801))","Брянская область, р-н Брянский, п Свень, ул Комсомольская, д 18-А",18А,Комсомольская улица,ЕГРН
way,1190395297,"[11053070193, 11053070192, 11053070191, 11053070190, 11053070193]",yes,"POLYGON ((34.3559486 53.1459821, 34.3559861 53.1458791, 34.3558037 53.1458552, 34.3557662 53.1459581, 34.3559486 53.1459821))",,,,
way,1190395298,"[11053070197, 11053070196, 11053070195, 11053070194, 11053070197]",yes,"POLYGON ((34.3555731 53.145892, 34.3556535 53.1458212, 34.3554568 53.1457407, 34.3553763 53.1458115, 34.3555731 53.145892))",,,,
way,1190395299,"[11053070201, 11053070200, 11053070199, 11053070198, 11053070201]",yes,"POLYGON ((34.3549079 53.1455927, 34.3550205 53.1455316, 34.3549002 53.1454518, 34.3547875 53.145513, 34.3549079 53.1455927))","Брянская область, р-н Брянский, п Свень, ул Комсомольская, д 21",21,Комсомольская улица,ЕГРН
way,1190395300,"[11053070205, 11053070204, 11053070203, 11053070202, 11053070205]",yes,"POLYGON ((34.3550688 53.1453225, 34.35516 53.145197, 34.3549451 53.1451408, 34.3548539 53.1452663, 34.3550688 53.1453225))","обл. Брянская, р-н Брянский, п. Свень, ул. Комсомольская, дом 22",22,Комсомольская улица,ЕГРН
way,1190395301,"[11053070209, 11053070208, 11053070207, 11053070206, 11053070209]",yes,"POLYGON ((34.355396 53.1449557, 34.3554819 53.1448656, 34.3553253 53.1448119, 34.3552395 53.144902, 34.355396 53.1449557))","Брянская область, р-н Брянский, п Свень, ул Комсомольская, д 23",23,Комсомольская улица,ЕГРН
way,1190395302,"[11053070213, 11053070210, 11053070211, 11053070212, 11053070213]",yes,"POLYGON ((34.35597 53.144399, 34.3560392 53.1443049, 34.3558842 53.1442639, 34.355815 53.144358, 34.35597 53.144399))",,,,
way,1190395303,"[11053070217, 11053070214, 11053070215, 11053070216, 11053070217]",yes,"POLYGON ((34.3553209 53.1442028, 34.3553811 53.1441209, 34.3552405 53.1440837, 34.3551803 53.1441656, 34.3553209 53.1442028))","Брянская обл, р-н Брянский, п Свень, ул Комсомольская, уч №25А",25А,Комсомольская улица,ЕГРН
way,1190395304,"[11053070221, 11053070220, 11053070219, 11053070218, 11053070221]",yes,"POLYGON ((34.3556589 53.1447465, 34.3557393 53.1446371, 34.3555803 53.1445951, 34.3554999 53.1447045, 34.3556589 53.1447465))",,,,
way,1190395305,"[11053070225, 11053070224, 11053070223, 11053070222, 11053070225]",yes,"POLYGON ((34.3541461 53.1450683, 34.3541998 53.1449653, 34.3540073 53.1449293, 34.3539537 53.1450322, 34.3541461 53.1450683))","Брянская область, р-н Брянский, п Свень, ул Комсомольская, уч 22а",22А,Комсомольская улица,ЕГРН
way,1190395306,"[11053070229, 11053070228, 11053070227, 11053070226, 11053070229]",yes,"POLYGON ((34.3542802 53.1445696, 34.3543178 53.1444344, 34.3541421 53.1444169, 34.3541045 53.144552, 34.3542802 53.1445696))","Брянская область, р-н Брянский, п Свень, ул Комсомольская, уч 23А",23А,Комсомольская улица,ЕГРН
way,1190395307,"[11053070235, 11053070234, 11053070233, 11053070232, 11053070235]",yes,"POLYGON ((34.3546075 53.1435045, 34.354645 53.1434112, 34.3545136 53.1433922, 34.354476 53.1434855, 34.3546075 53.1435045))",,,,
way,1190395308,"[11053070239, 11053070238, 11053070237, 11053070236, 11053070239]",yes,"POLYGON ((34.3553746 53.1429801, 34.3554228 53.1428964, 34.3552463 53.1428598, 34.3551981 53.1429434, 34.3553746 53.1429801))","Брянская обл, р-н Брянский, п Свень, ул Комсомольская, участок №37",37,Комсомольская улица,ЕГРН
way,1190395309,"[11053070243, 11053070242, 11053070241, 11053070240, 11053070243]",yes,"POLYGON ((34.3549079 53.1424524, 34.3549561 53.1423751, 34.3548168 53.1423438, 34.3547685 53.142421, 34.3549079 53.1424524))","обл. Брянская, р-н Брянский, п. Свень, ул. Комсомольская, участок №35",35,Комсомольская улица,ЕГРН
way,1190395310,"[11053070247, 11053070246, 11053070245, 11053070244, 11053070247]",yes,"POLYGON ((34.3571877 53.1414066, 34.357295 53.141265, 34.3571107 53.1412148, 34.3570034 53.1413563, 34.3571877 53.1414066))","обл. Брянская, р-н Брянский, п. Свень, ул. Комсомольская, дом 24а",24А,Комсомольская улица,ЕГРН
way,1190395311,"[11053070251, 11053070250, 11053070249, 11053070248, 11053070251]",yes,"POLYGON ((34.35516 53.140689, 34.3551975 53.140586, 34.3550526 53.140567, 34.355015 53.14067, 34.35516 53.140689))","Брянская область, р-н Брянский, п Свень, ул Молодежная, 11А",11А,Молодёжная улица,ЕГРН
way,1190395312,"[11053070255, 11053070252, 11053070253, 11053070254, 11053070255]",yes,"POLYGON ((34.35516 53.1401806, 34.3552876 53.1400101, 34.3551439 53.1399714, 34.3550163 53.1401419, 34.35516 53.1401806))","Российская Федерация, Брянская область, Брянский муниципальный район, Свенское сельское поселение, п. Свень, ул. Молодежная, з/у 40.",40,Молодёжная улица,ЕГРН
way,1190395313,"[11053070259, 11053070258, 11053070257, 11053070256, 11053070259]",yes,"POLYGON ((34.356131 53.1389642, 34.35619 53.1388854, 34.3560051 53.1388356, 34.3559461 53.1389144, 34.356131 53.1389642))","Брянская область, р-н Брянский, п Свень, ул Молодежная, уч 42 А",42А,Молодёжная улица,ЕГРН
way,1190395314,"[11053070263, 11053070262, 11053070261, 11053070260, 11053070263]",yes,"POLYGON ((34.3565252 53.138792, 34.3565762 53.1387261, 34.3564174 53.1386819, 34.3563665 53.1387479, 34.3565252 53.138792))","Российская Федерация, Брянская область, Брянский муниципальный район, Свенское сельское поселение, п Свень, ул Молодежная, уч 41",41,Молодёжная улица,ЕГРН
way,1190395315,"[11053070267, 11053070266, 11053070265, 11053070264, 11053070267]",yes,"POLYGON ((34.3572655 53.1385668, 34.357354 53.1384477, 34.3571695 53.1383983, 34.357081 53.1385174, 34.3572655 53.1385668))","Брянская область, р-н Брянский, п Свень, ул Молодежная, уч 30",30,Молодёжная улица,ЕГРН
way,1190395316,"[11053070271, 11053070270, 11053070269, 11053070268, 11053070271]",yes,"POLYGON ((34.359532 53.1376706, 34.359701 53.1373681, 34.3585437 53.1371354, 34.3583747 53.1374379, 34.359532 53.1376706))","Брянская обл, р-н Брянский, п Свень, ул Молодежная, уч 9 ""А""",9А,Молодёжная улица,ЕГРН
way,1190395317,"[11053070275, 11053070274, 11053070273, 11053070272, 11053070275]",yes,"POLYGON ((34.3611681 53.1373487, 34.3611923 53.1372248, 34.3606729 53.1371884, 34.3606488 53.1373123, 34.3611681 53.1373487))",,,,
way,1190395318,"[11053070279, 11053070278, 11053070277, 11053070276, 11053070279]",yes,"POLYGON ((34.3611333 53.1375418, 34.3611547 53.1374228, 34.3606241 53.1373883, 34.3606026 53.1375074, 34.3611333 53.1375418))",,,,
way,1190395319,"[11053070283, 11053070282, 11053070281, 11053070280, 11053070283]",yes,"POLYGON ((34.3605405 53.1381742, 34.3608409 53.1377027, 34.3604406 53.1376109, 34.3601402 53.1380824, 34.3605405 53.1381742))",,,,
way,1190395320,"[11053070287, 11053070286, 11053070285, 11053070284, 11053070287]",yes,"POLYGON ((34.3598083 53.1384188, 34.3598726 53.1382932, 34.3594768 53.1382202, 34.3594125 53.1383457, 34.3598083 53.1384188))",,,,
way,1190395321,"[11053070291, 11053070290, 11053070289, 11053070288, 11053070291]",yes,"POLYGON ((34.3602508 53.1386971, 34.3603232 53.1385829, 34.3600596 53.1385227, 34.3599872 53.138637, 34.3602508 53.1386971))","Брянская область, Брянский район, Свенское сельское поселение, п Свень, ул Молодежная, д 11/2",11/2,Молодёжная улица,ЕГРН
way,1190395322,"[11053070295, 11053070294, 11053070293, 11053070292, 11053070295]",yes,"POLYGON ((34.3623966 53.1387357, 34.3625173 53.1385507, 34.3611159 53.1382217, 34.3609952 53.1384068, 34.3623966 53.1387357))",,,,
way,1190395323,"[11053070299, 11053070298, 11053070297, 11053070296, 11053070299]",yes,"POLYGON ((34.3611225 53.1386778, 34.3611976 53.1385217, 34.3607579 53.1384456, 34.3606828 53.1386016, 34.3611225 53.1386778))",,,,
way,1190395324,"[11053070303, 11053070302, 11053070301, 11053070300, 11053070303]",yes,"POLYGON ((34.3617931 53.1388097, 34.3618414 53.13871, 34.3613575 53.1386257, 34.3613092 53.1387255, 34.3617931 53.1388097))",,,,
way,1190395325,"[11053070307, 11053070306, 11053070305, 11053070304, 11053070307]",yes,"POLYGON ((34.3624771 53.1389063, 34.3625092 53.1388484, 34.3621029 53.1387671, 34.3620707 53.138825, 34.3624771 53.1389063))",,,,
way,1190395326,"[11053070311, 11053070310, 11053070309, 11053070308, 11053070311]",yes,"POLYGON ((34.3620157 53.13936, 34.3620667 53.1392458, 34.3619315 53.1392241, 34.3618805 53.1393383, 34.3620157 53.13936))","Брянская обл, р-н Брянский, п Свень, ул Молодежная, участок 13 а",13А,Молодёжная улица,ЕГРН
way,1190395327,"[11053070315, 11053070312, 11053070313, 11053070314, 11053070315]",yes,"POLYGON ((34.3626112 53.1394549, 34.3626762 53.1393347, 34.3625253 53.1393053, 34.3624603 53.1394256, 34.3626112 53.1394549))","Брянская обл, р-н Брянский, п Свень, ул Молодежная, уч.13",13,Молодёжная улица,ЕГРН
way,1190395328,"[11053070319, 11053070316, 11053070317, 11053070318, 11053070319]",yes,"POLYGON ((34.3620667 53.1395837, 34.3621296 53.1394672, 34.3619755 53.1394372, 34.3619125 53.1395537, 34.3620667 53.1395837))","Брянская область, р-н Брянский, п Свень, ул Молодежная, д 15А",15А,Молодёжная улица,ЕГРН
way,1190395329,"[11053070323, 11053070320, 11053070321, 11053070322, 11053070323]",yes,"POLYGON ((34.3623644 53.1397783, 34.3624291 53.1396587, 34.3623161 53.1396368, 34.3622515 53.1397564, 34.3623644 53.1397783))","На земельном участке расположен жилой дом, адрес: Брянская обл, р-н Брянский, п Свень, ул Молодежная, д 15",15,Молодёжная улица,ЕГРН
way,1190395330,"[11053070327, 11053070324, 11053070325, 11053070326, 11053070327]",yes,"POLYGON ((34.3622437 53.1400213, 34.3623046 53.1399088, 34.3621552 53.1398797, 34.3620944 53.1399922, 34.3622437 53.1400213))","Брянская обл, р-н Брянский, п Свень, ул Молодежная, уч 17",17,Молодёжная улица,ЕГРН
way,1190395331,"[11053070331, 11053070328, 11053070329, 11053070330, 11053070331]",yes,"POLYGON ((34.3620318 53.1402514, 34.3620888 53.140146, 34.3620184 53.1401323, 34.3619614 53.1402377, 34.3620318 53.1402514))",,,,
way,1190395332,"[11053070335, 11053070334, 11053070333, 11053070332, 11053070335]",yes,"POLYGON ((34.3614632 53.1404445, 34.3614954 53.1403849, 34.3613181 53.1403504, 34.361286 53.14041, 34.3614632 53.1404445))","обл. Брянская, р-н Брянский, п. Свень, ул. Молодежная, дом 19 А",19А,Молодёжная улица,ЕГРН
way,1190395333,"[11053070339, 11053070336, 11053070337, 11053070338, 11053070339]",yes,"POLYGON ((34.3618065 53.1406568, 34.3618442 53.1405751, 34.3616965 53.1405506, 34.3616589 53.1406323, 34.3618065 53.1406568))","обл. Брянская, р-н Брянский, п. Свень, ул. Молодежная, дом 19",19,Молодёжная улица,ЕГРН
way,1190395334,"[11053070343, 11053070340, 11053070341, 11053070342, 11053070343]",yes,"POLYGON ((34.3612298 53.1406906, 34.3612808 53.1405801, 34.3611708 53.1405619, 34.3611199 53.1406724, 34.3612298 53.1406906))","Брянская область, р-н Брянский, п. Свень, ул. Молодежная, д 21А",21А,Молодёжная улица,ЕГРН
way,1190395335,"[11053070347, 11053070346, 11053070345, 11053070344, 11053070347]",yes,"POLYGON ((34.3610662 53.1410044, 34.3611011 53.1409287, 34.3609746 53.1409078, 34.3609397 53.1409834, 34.3610662 53.1410044))","Брянская область, р-н Брянский, п Свень, ул Молодежная, уч 23А",23А,Молодёжная улица,ЕГРН
way,1190395336,"[11053070351, 11053070348, 11053070349, 11053070350, 11053070351]",yes,"POLYGON ((34.3615383 53.1410719, 34.3615712 53.1410033, 34.3614471 53.1409818, 34.3614142 53.1410505, 34.3615383 53.1410719))","Брянская область, р-н Брянский, п Свень, ул Молодежная, уч 23",23,Молодёжная улица,ЕГРН
way,1190395337,"[11053070355, 11053070354, 11053070353, 11053070352, 11053070355]",yes,"POLYGON ((34.361439 53.1413358, 34.3614954 53.1412183, 34.361391 53.1412003, 34.3613346 53.1413178, 34.361439 53.1413358))","Брянская область, р-н Брянский, п. Свень, ул. Молодежная, д. 25",25,Молодёжная улица,ЕГРН
way,1190395338,"[11053070359, 11053070356, 11053070357, 11053070358, 11053070359]",yes,"POLYGON ((34.3613881 53.1414903, 34.3614121 53.1414255, 34.3613183 53.141413, 34.3612944 53.1414778, 34.3613881 53.1414903))",,,,
way,1190395339,"[11053070363, 11053070362, 11053070361, 11053070360, 11053070363]",yes,"POLYGON ((34.3611279 53.1417364, 34.3611494 53.1416785, 34.3610784 53.141669, 34.3610569 53.1417269, 34.3611279 53.1417364))",,,,
way,1190395340,"[11053070367, 11053070366, 11053070365, 11053070364, 11053070367]",yes,"POLYGON ((34.3612701 53.1416576, 34.3613049 53.1415691, 34.3611948 53.1415535, 34.3611599 53.141642, 34.3612701 53.1416576))","обл. Брянская, р-н Брянский, п. Свень, ул. Молодежная, дом 27",27,Молодёжная улица,ЕГРН
way,1190522764,"[11054216912, 11054216911, 11054216910, 11054216909, 11054216912]",yes,"POLYGON ((34.3622625 53.1369931, 34.3622974 53.13694, 34.3621602 53.1369076, 34.3621254 53.1369607, 34.3622625 53.1369931))",,,,
way,1190522765,"[11054216916, 11054216915, 11054216914, 11054216913, 11054216916]",yes,"POLYGON ((34.3594274 53.1367775, 34.3594918 53.1367083, 34.3592563 53.1366295, 34.3591919 53.1366987, 34.3594274 53.1367775))",,,,
way,1190522766,"[11054216920, 11054216919, 11054216918, 11054216917, 11054216920]",yes,"POLYGON ((34.3591323 53.1362208, 34.3591726 53.1361757, 34.35913 53.136162, 34.3590898 53.1362071, 34.3591323 53.1362208))",,,,
way,1190522767,"[11054216924, 11054216923, 11054216922, 11054216921, 11054216924]",yes,"POLYGON ((34.3595052 53.1363318, 34.3595508 53.1362787, 34.3594696 53.1362536, 34.359424 53.1363067, 34.3595052 53.1363318))",,,,
way,1190522768,"[11054216928, 11054216925, 11054216926, 11054216927, 11054216928]",yes,"POLYGON ((34.3597117 53.1360116, 34.3597571 53.1359367, 34.3596286 53.1359086, 34.3595831 53.1359836, 34.3597117 53.1360116))",,,,
way,1190522769,"[11054216932, 11054216931, 11054216930, 11054216929, 11054216932]",yes,"POLYGON ((34.360165 53.1361725, 34.3602079 53.1361017, 34.3601312 53.136085, 34.3600883 53.1361558, 34.360165 53.1361725))",,,,
way,1190522770,"[11054216936, 11054216935, 11054216934, 11054216933, 11054216936]",yes,"POLYGON ((34.3599263 53.1364477, 34.3599316 53.136364, 34.3598215 53.1363615, 34.3598162 53.1364451, 34.3599263 53.1364477))","Брянская область, р-н Брянский, п Свень, ул Молодежная, уч 3 Б",3Б,Молодёжная улица,ЕГРН
way,1190522771,"[11054216940, 11054216939, 11054216938, 11054216937, 11054216940]",yes,"POLYGON ((34.3604413 53.1367775, 34.3604949 53.1367019, 34.3604262 53.1366844, 34.3603726 53.13676, 34.3604413 53.1367775))","Брянская область, р-н Брянский, п Свень, ул Молодежная, уч 3В",3В,Молодёжная улица,ЕГРН
way,1190522772,"[11054216944, 11054216941, 11054216942, 11054216943, 11054216944]",yes,"POLYGON ((34.3605727 53.1366263, 34.3606204 53.1365582, 34.3605459 53.1365394, 34.3604982 53.1366075, 34.3605727 53.1366263))",,,,
way,1190522773,"[11054216948, 11054216947, 11054216946, 11054216945, 11054216948]",yes,"POLYGON ((34.3615007 53.1364557, 34.3615571 53.1363753, 34.3614831 53.1363566, 34.3614267 53.1364371, 34.3615007 53.1364557))",,,,
way,1190522774,"[11054216952, 11054216951, 11054216950, 11054216949, 11054216952]",yes,"POLYGON ((34.3621123 53.1365973, 34.3621659 53.1365201, 34.362069 53.1364958, 34.3620153 53.1365731, 34.3621123 53.1365973))","Брянская область, р-н Брянский, п Свень, ул Молодежная, уч 6/2",6/2,Молодёжная улица,ЕГРН
way,1190522775,"[11054216956, 11054216955, 11054216954, 11054216953, 11054216956]",yes,"POLYGON ((34.3612701 53.1363978, 34.3612996 53.1363592, 34.3612249 53.1363386, 34.3611954 53.1363773, 34.3612701 53.1363978))",,,,
way,1190522776,"[11054216960, 11054216959, 11054216958, 11054216957, 11054216960]",yes,"POLYGON ((34.360747 53.1364107, 34.3607765 53.1363576, 34.3606695 53.1363362, 34.36064 53.1363893, 34.360747 53.1364107))",,,,
way,1190522777,"[11054216964, 11054216963, 11054216962, 11054216961, 11054216964]",yes,"POLYGON ((34.3608436 53.1362851, 34.3608892 53.1362127, 34.360765 53.1361846, 34.3607194 53.136257, 34.3608436 53.1362851))",,,,
way,1190522778,"[11054216968, 11054216965, 11054216966, 11054216967, 11054216968]",yes,"POLYGON ((34.3604761 53.1362143, 34.3605207 53.1361342, 34.3604064 53.1361114, 34.3603619 53.1361915, 34.3604761 53.1362143))",,,,
way,1190522779,"[11054216972, 11054216969, 11054216970, 11054216971, 11054216972]",yes,"POLYGON ((34.3599907 53.1357429, 34.3600392 53.1356555, 34.3599048 53.1356286, 34.3598563 53.135716, 34.3599907 53.1357429))","Брянская область, р-н Брянский, п Свень, ул Молодежная, уч 3/12",3/12,Молодёжная улица,ЕГРН
way,1190522780,"[11054216976, 11054216975, 11054216974, 11054216973, 11054216976]",yes,"POLYGON ((34.3605539 53.1356914, 34.3605861 53.1356335, 34.3604284 53.1356019, 34.3603962 53.1356598, 34.3605539 53.1356914))","Брянская обл, р-н Брянский, п Свень, ул Молодежная, участок 3/8",3/8,Молодёжная улица,ЕГРН
way,1190522781,"[11054216980, 11054216979, 11054216978, 11054216977, 11054216980]",yes,"POLYGON ((34.3604198 53.1359151, 34.3604547 53.1358603, 34.3603221 53.1358299, 34.3602872 53.1358846, 34.3604198 53.1359151))","обл. Брянская, р-н Брянский, п. Свень, ул. Молодежная, участок 5/3",5/3,Молодёжная улица,ЕГРН
way,1190522782,"[11054216984, 11054216983, 11054216982, 11054216981, 11054216984]",yes,"POLYGON ((34.3611601 53.1355594, 34.3612003 53.1354838, 34.361026 53.1354504, 34.3609858 53.1355261, 34.3611601 53.1355594))",,,,
way,1190522783,"[11054216988, 11054216985, 11054216986, 11054216987, 11054216988]",yes,"POLYGON ((34.3611628 53.1357204, 34.3612083 53.1356521, 34.3608624 53.1355691, 34.3608169 53.1356373, 34.3611628 53.1357204))","Брянская область, р-н Брянский, п Свень, ул Молодежная, 3Г",3Г,Молодёжная улица,ЕГРН
way,1190522784,"[11054216992, 11054216991, 11054216990, 11054216989, 11054216992]",yes,"POLYGON ((34.3614632 53.1361194, 34.3615115 53.136047, 34.3613607 53.1360108, 34.3613124 53.1360832, 34.3614632 53.1361194))",,,,
way,1190522785,"[11054216996, 11054216995, 11054216994, 11054216993, 11054216996]",yes,"POLYGON ((34.3622276 53.1359746, 34.3622518 53.1358974, 34.3620819 53.1358782, 34.3620577 53.1359555, 34.3622276 53.1359746))","обл. Брянская, р-н Брянский, п. Свень, ул. Молодежная, дом 5",5,Молодёжная улица,ЕГРН
way,1190522786,"[11054217000, 11054216999, 11054216998, 11054216997, 11054217000]",yes,"POLYGON ((34.3628606 53.1361194, 34.3628982 53.1360373, 34.362778 53.1360175, 34.3627404 53.1360996, 34.3628606 53.1361194))",,,,
way,1190522787,"[11054217004, 11054217003, 11054217002, 11054217001, 11054217004]",yes,"POLYGON ((34.3625575 53.1363382, 34.3625924 53.1362707, 34.3625225 53.1362577, 34.3624877 53.1363253, 34.3625575 53.1363382))",,,,
way,1190522788,"[11054217208, 11054217207, 11054217206, 11054217205, 11054217208]",yes,"POLYGON ((34.3627158 53.1364396, 34.3627775 53.1363415, 34.3627055 53.1363252, 34.3626438 53.1364233, 34.3627158 53.1364396))",,,,
way,1190522789,"[11054217212, 11054217211, 11054217210, 11054217209, 11054217212]",yes,"POLYGON ((34.3631637 53.1362514, 34.3632656 53.136084, 34.3631722 53.1360635, 34.3630703 53.1362309, 34.3631637 53.1362514))","Брянская обл, р-н Брянский, п. Свень, ул. Молодежная, д 5Б",5Б,Молодёжная улица,ЕГРН
way,1190522790,"[11054217216, 11054217213, 11054217214, 11054217215, 11054217216]",yes,"POLYGON ((34.3633783 53.1360293, 34.3635762 53.1356959, 34.3633971 53.1356576, 34.3631991 53.135991, 34.3633783 53.1360293))",,,,
way,1190522791,"[11054217220, 11054217217, 11054217218, 11054217219, 11054217220]",yes,"POLYGON ((34.36252 53.1355643, 34.3625571 53.1355018, 34.3623751 53.1354629, 34.362338 53.1355254, 34.36252 53.1355643))",,,,
way,1190522792,"[11054217224, 11054217223, 11054217222, 11054217221, 11054217224]",yes,"POLYGON ((34.3615571 53.1355321, 34.3616268 53.1354146, 34.361511 53.1353899, 34.3614413 53.1355074, 34.3615571 53.1355321))",,,,
way,1190522793,"[11054217228, 11054217227, 11054217226, 11054217225, 11054217228]",yes,"POLYGON ((34.3613318 53.1354307, 34.3613881 53.1353261, 34.3611982 53.1352893, 34.3611419 53.1353939, 34.3613318 53.1354307))","Брянская область, р-н Брянский, п Свень, ул Молодежная, уч 3/3",3/3,Молодёжная улица,ЕГРН
way,1190522794,"[11054217232, 11054217231, 11054217230, 11054217229, 11054217232]",yes,"POLYGON ((34.3606773 53.1351893, 34.3607149 53.135125, 34.3605988 53.1351006, 34.3605613 53.135165, 34.3606773 53.1351893))",,,,
way,1190522795,"[11054217236, 11054217235, 11054217234, 11054217233, 11054217236]",yes,"POLYGON ((34.3616 53.1352247, 34.3614471 53.1351234, 34.3613157 53.1351947, 34.3614686 53.1352961, 34.3616 53.1352247))",,,,
way,1190522796,"[11054217240, 11054217239, 11054217238, 11054217237, 11054217240]",yes,"POLYGON ((34.3610716 53.1348595, 34.3610474 53.1347758, 34.3609162 53.1347894, 34.3609404 53.1348731, 34.3610716 53.1348595))","Брянская область, р-н Брянский, п Свень, пер Свенский, д 1",1,Свенский переулок,ЕГРН
way,1190522797,"[11054217244, 11054217243, 11054217242, 11054217241, 11054217244]",yes,"POLYGON ((34.3607792 53.1337572, 34.3607256 53.1337266, 34.3606409 53.1337801, 34.3606946 53.1338106, 34.3607792 53.1337572))",,,,
way,1190522798,"[11054217248, 11054217247, 11054217246, 11054217245, 11054217248]",yes,"POLYGON ((34.3626997 53.135265, 34.3627533 53.1351942, 34.3625318 53.1351338, 34.3624782 53.1352046, 34.3626997 53.135265))","Брянская область, р-н Брянский, п Свень, ул Молодежная, уч 1/4",1/4,Молодёжная улица,ЕГРН
way,1190522799,"[11054217252, 11054217251, 11054217250, 11054217249, 11054217252]",yes,"POLYGON ((34.3626621 53.1350687, 34.3627614 53.1349335, 34.3626442 53.1349025, 34.3625449 53.1350377, 34.3626621 53.1350687))","обл. Брянская, р-н Брянский, п. Свень, ул. Молодежная, участок 1/2",1/2,Молодёжная улица,ЕГРН
way,1190522800,"[11054217256, 11054217255, 11054217254, 11054217253, 11054217256]",yes,"POLYGON ((34.3621847 53.1352103, 34.362241 53.1351298, 34.3621374 53.1351037, 34.3620811 53.1351841, 34.3621847 53.1352103))","Брянская область, р-н Брянский, п Свень, ул Молодежная, уч №1/6",1/6,Молодёжная улица,ЕГРН
way,1190522801,"[11054217260, 11054217259, 11054217258, 11054217257, 11054217260]",yes,"POLYGON ((34.3617904 53.1347854, 34.3616771 53.1347401, 34.3614712 53.1349254, 34.3615845 53.1349707, 34.3617904 53.1347854))",,,,
way,1190522802,"[11054217264, 11054217263, 11054217262, 11054217261, 11054217264]",yes,"POLYGON ((34.3616965 53.1343703, 34.3617448 53.1343268, 34.3616445 53.1342867, 34.3615963 53.1343302, 34.3616965 53.1343703))",,,,
way,1190522803,"[11054217268, 11054217267, 11054217266, 11054217265, 11054217268]",yes,"POLYGON ((34.3623564 53.1340388, 34.3623751 53.133997, 34.3622428 53.1339756, 34.362224 53.1340174, 34.3623564 53.1340388))","Брянская область, р-н Брянский, п Свень, ул Клубная, уч № -1 ""Г""",1Г,Клубная улица,ЕГРН
way,1190522804,"[11054217272, 11054217271, 11054217270, 11054217269, 11054217272]",yes,"POLYGON ((34.3640542 53.1344041, 34.3640944 53.1343542, 34.3639895 53.1343237, 34.3639492 53.1343736, 34.3640542 53.1344041))",,,,
way,1190522805,"[11054217276, 11054217275, 11054217274, 11054217273, 11054217276]",yes,"POLYGON ((34.3638772 53.1341724, 34.3639013 53.1341305, 34.3638003 53.1341095, 34.3637761 53.1341514, 34.3638772 53.1341724))",,,,
way,1190522806,"[11054217280, 11054217279, 11054217278, 11054217277, 11054217280]",yes,"POLYGON ((34.3632817 53.1345972, 34.363279 53.1345553, 34.3631826 53.1345576, 34.3631853 53.1345994, 34.3632817 53.1345972))",,,,
way,1190522807,"[11054217284, 11054217281, 11054217282, 11054217283, 11054217284]",yes,"POLYGON ((34.3632013 53.1343397, 34.3632305 53.1342982, 34.3631342 53.1342737, 34.3631049 53.1343153, 34.3632013 53.1343397))","Брянская область, р-н Брянский, п Свень, ул Клубная, 6/16",6/16,Клубная улица,ЕГРН
way,1190522808,"[11054217288, 11054217287, 11054217286, 11054217285, 11054217288]",yes,"POLYGON ((34.363912 53.1346551, 34.3639415 53.1346133, 34.3638698 53.1345951, 34.3638403 53.1346369, 34.363912 53.1346551))","Брянская обл, р-н Брянский, п Свень, ул Клубная, уч-к №2 Б",2Б,Клубная улица,ЕГРН
way,1190522809,"[11054217292, 11054217291, 11054217290, 11054217289, 11054217292]",yes,"POLYGON ((34.3636009 53.134433, 34.3636331 53.1343896, 34.363548 53.1343669, 34.3635158 53.1344103, 34.3636009 53.134433))",,,,
way,1190522810,"[11054217296, 11054217295, 11054217294, 11054217293, 11054217296]",yes,"POLYGON ((34.3637592 53.1344717, 34.363794 53.1344137, 34.3637287 53.1343996, 34.3636938 53.1344575, 34.3637592 53.1344717))",,,,
way,1190522811,"[11054217300, 11054217299, 11054217298, 11054217297, 11054217300]",yes,"POLYGON ((34.3638477 53.1345119, 34.3638852 53.1344604, 34.3638271 53.1344451, 34.3637896 53.1344966, 34.3638477 53.1345119))",,,,
way,1190522812,"[11054217304, 11054217303, 11054217302, 11054217301, 11054217304]",yes,"POLYGON ((34.364132 53.1345714, 34.3641776 53.1345183, 34.3640785 53.1344877, 34.3640329 53.1345408, 34.364132 53.1345714))",,,,
way,1190522813,"[11054217308, 11054217305, 11054217306, 11054217307, 11054217308]",yes,"POLYGON ((34.3646952 53.1347356, 34.3647402 53.1346932, 34.3646362 53.1346535, 34.3645913 53.1346959, 34.3646952 53.1347356))",,,,
way,1190522814,"[11054217312, 11054217309, 11054217310, 11054217311, 11054217312]",yes,"POLYGON ((34.3646255 53.1344861, 34.3646768 53.1344378, 34.3645799 53.1344009, 34.3645287 53.1344492, 34.3646255 53.1344861))",,,,
way,1190522815,"[11054217316, 11054217315, 11054217314, 11054217313, 11054217316]",yes,"POLYGON ((34.364875 53.1334466, 34.3649501 53.1333758, 34.3648456 53.1333359, 34.3647705 53.1334067, 34.364875 53.1334466))","Брянская область, р-н Брянский, п Свень, ул Клубная, уч 6/1",6/1,Клубная улица,ЕГРН
way,1190522816,"[11054217320, 11054217319, 11054217318, 11054217317, 11054217320]",yes,"POLYGON ((34.3660846 53.1331602, 34.3661571 53.1331055, 34.3660898 53.1330734, 34.3660174 53.1331281, 34.3660846 53.1331602))",,,,
way,1190522817,"[11054217324, 11054217321, 11054217322, 11054217323, 11054217324]",yes,"POLYGON ((34.3657333 53.1334434, 34.3657829 53.1334087, 34.3656877 53.1333597, 34.3656381 53.1333944, 34.3657333 53.1334434))","Брянская область, р-н Брянский, п Свень, ул Клубная, д 1Б/2",1Б/2,Клубная улица,ЕГРН
way,1190522818,"[11054217328, 11054217327, 11054217326, 11054217325, 11054217328]",yes,"POLYGON ((34.3650305 53.1340999, 34.3651271 53.1340324, 34.3650458 53.1339906, 34.3649492 53.1340581, 34.3650305 53.1340999))","обл. Брянская, р-н Брянский, п. Свень, ул. Клубная, участок №1/1",1/1,Клубная улица,ЕГРН
way,1190522819,"[11054217332, 11054217331, 11054217330, 11054217329, 11054217332]",yes,"POLYGON ((34.3654409 53.1339197, 34.3654972 53.133873, 34.3653742 53.1338196, 34.3653179 53.1338663, 34.3654409 53.1339197))",,,,
way,1190522820,"[11054217336, 11054217333, 11054217334, 11054217335, 11054217336]",yes,"POLYGON ((34.365575 53.1337652, 34.3656515 53.133676, 34.3654141 53.1336027, 34.3653376 53.133692, 34.365575 53.1337652))","Брянская область, р-н Брянский, п Свень, ул Клубная, уч 1 Б/1",1Б/1,Клубная улица,ЕГРН
way,1190522821,"[11054217340, 11054217337, 11054217338, 11054217339, 11054217340]",yes,"POLYGON ((34.3658432 53.1340356, 34.3658888 53.1339824, 34.3658003 53.1339551, 34.3657548 53.1340083, 34.3658432 53.1340356))",,,,
way,1190522822,"[11054217344, 11054217343, 11054217342, 11054217341, 11054217344]",yes,"POLYGON ((34.366141 53.1341321, 34.3661892 53.1340758, 34.3661177 53.1340537, 34.3660694 53.13411, 34.366141 53.1341321))",,,,
way,1190522823,"[11054217348, 11054217347, 11054217346, 11054217345, 11054217348]",yes,"POLYGON ((34.3663475 53.1342271, 34.3664467 53.1341273, 34.3663752 53.1341017, 34.366276 53.1342015, 34.3663475 53.1342271))",,,,
way,1190522824,"[11054217352, 11054217351, 11054217350, 11054217349, 11054217352]",yes,"POLYGON ((34.3665862 53.1343397, 34.3666398 53.1342963, 34.3665506 53.1342566, 34.366497 53.1343001, 34.3665862 53.1343397))","обл. Брянская, р-н Брянский, п. Свень, ул. Клубная, участок 1/5",1/5,Клубная улица,ЕГРН
way,1190522825,"[11054217356, 11054217353, 11054217354, 11054217355, 11054217356]",yes,"POLYGON ((34.3668303 53.1343992, 34.3668697 53.1343486, 34.3668035 53.1343301, 34.3667641 53.1343807, 34.3668303 53.1343992))",,,,
way,1190522826,"[11054217360, 11054217359, 11054217358, 11054217357, 11054217360]",yes,"POLYGON ((34.3665862 53.1346551, 34.3666238 53.1346068, 34.3665377 53.1345827, 34.3665002 53.134631, 34.3665862 53.1346551))",,,,
way,1190522827,"[11054217364, 11054217361, 11054217362, 11054217363, 11054217364]",yes,"POLYGON ((34.366487 53.1347694, 34.3665287 53.1347086, 34.366436 53.1346857, 34.3663943 53.1347465, 34.366487 53.1347694))",,,,
way,1190522828,"[11054217368, 11054217367, 11054217366, 11054217365, 11054217368]",yes,"POLYGON ((34.3658781 53.135125, 34.3659157 53.1350703, 34.365842 53.1350521, 34.3658044 53.1351068, 34.3658781 53.135125))",,,,
way,1190522829,"[11054217372, 11054217371, 11054217370, 11054217369, 11054217372]",yes,"POLYGON ((34.3649125 53.1348804, 34.3649554 53.1348112, 34.3648565 53.1347891, 34.3648136 53.1348583, 34.3649125 53.1348804))",,,,
way,1190522830,"[11054217376, 11054217375, 11054217374, 11054217373, 11054217376]",yes,"POLYGON ((34.3651754 53.134948, 34.3652049 53.1348981, 34.3651178 53.1348796, 34.3650883 53.1349294, 34.3651754 53.134948))","Российская Федерация, Брянская область, Брянский муниципальный район, Свенское сельское поселение, п Свень, ул Клубная, участок 6",6,Клубная улица,ЕГРН
way,1190522831,"[11054217380, 11054217379, 11054217378, 11054217377, 11054217380]",yes,"POLYGON ((34.3652719 53.134853, 34.365347 53.1347484, 34.3652684 53.1347281, 34.3651933 53.1348327, 34.3652719 53.134853))",,,,
way,1190522832,"[11054217384, 11054217383, 11054217382, 11054217381, 11054217384]",yes,"POLYGON ((34.3656555 53.1349126, 34.3656903 53.1348579, 34.3656182 53.1348413, 34.3655833 53.134896, 34.3656555 53.1349126))","Брянская область, р-н Брянский, п Свень, ул Клубная, 3/5",3/5,Клубная улица,ЕГРН
way,1190522833,"[11054217388, 11054217387, 11054217386, 11054217385, 11054217388]",yes,"POLYGON ((34.3658915 53.1349914, 34.3659317 53.1349319, 34.3658334 53.134908, 34.3657931 53.1349675, 34.3658915 53.1349914))",,,,
way,1190522834,"[11054217412, 11054217411, 11054217410, 11054217409, 11054217412]",yes,"POLYGON ((34.3693221 53.1354211, 34.3692657 53.1353696, 34.369107 53.1354321, 34.3691633 53.1354836, 34.3693221 53.1354211))","обл. Брянская, р-н Брянский, п. Свень, ул. Клубная, дом 17/1",17/1,Клубная улица,ЕГРН
way,1190522835,"[11054217416, 11054217415, 11054217414, 11054217413, 11054217416]",yes,"POLYGON ((34.3688205 53.1353857, 34.368901 53.1353374, 34.3687414 53.1352416, 34.3686609 53.1352899, 34.3688205 53.1353857))","обл. Брянская, р-н Брянский, п. Свень, ул. Клубная, дом 16а",16А,Клубная улица,ЕГРН
way,1190522836,"[11054217420, 11054217417, 11054217418, 11054217419, 11054217420]",yes,"POLYGON ((34.3683752 53.1351314, 34.3684213 53.1350805, 34.3683404 53.1350542, 34.3682943 53.1351051, 34.3683752 53.1351314))",,,,
way,1190522837,"[11054217424, 11054217423, 11054217422, 11054217421, 11054217424]",yes,"POLYGON ((34.3681821 53.1354227, 34.368268 53.1353277, 34.3681464 53.1352882, 34.3680606 53.1353831, 34.3681821 53.1354227))","Брянская область, р-н Брянский, п Свень, ул Клубная, уч 20А",20А,Клубная улица,ЕГРН
way,1190522838,"[11054217428, 11054217427, 11054217426, 11054217425, 11054217428]",yes,"POLYGON ((34.3682277 53.1348096, 34.3682519 53.1347468, 34.3681664 53.134735, 34.3681423 53.1347978, 34.3682277 53.1348096))","Брянская область, р-н Брянский, п Свень, ул Клубная, уч 4/4",4/4,Клубная улица,ЕГРН
way,1190522839,"[11054217432, 11054217431, 11054217430, 11054217429, 11054217432]",yes,"POLYGON ((34.3678871 53.1345103, 34.3679327 53.1344652, 34.3678477 53.1344343, 34.3678021 53.1344793, 34.3678871 53.1345103))",,,,
way,1190522840,"[11054217436, 11054217435, 11054217434, 11054217433, 11054217436]",yes,"POLYGON ((34.3675759 53.1346889, 34.3676323 53.1346261, 34.3675512 53.1345999, 34.3674948 53.1346627, 34.3675759 53.1346889))",,,,
way,1190522841,"[11054217440, 11054217439, 11054217438, 11054217437, 11054217440]",yes,"POLYGON ((34.367128 53.1344491, 34.3671951 53.1343542, 34.367102 53.1343305, 34.3670349 53.1344255, 34.367128 53.1344491))",,,,
way,1190522842,"[11054217444, 11054217443, 11054217442, 11054217441, 11054217444]",yes,"POLYGON ((34.3668973 53.13461, 34.3669242 53.1345586, 34.3668435 53.1345434, 34.3668167 53.1345949, 34.3668973 53.13461))",,,,
way,1190522843,"[11054217448, 11054217447, 11054217446, 11054217445, 11054217448]",yes,"POLYGON ((34.3674874 53.1348997, 34.3675411 53.1348418, 34.3672737 53.1347527, 34.3672201 53.1348106, 34.3674874 53.1348997))",,,,
way,1190522844,"[11054217452, 11054217451, 11054217450, 11054217449, 11054217452]",yes,"POLYGON ((34.367128 53.1348144, 34.3671468 53.1347533, 34.367027 53.13474, 34.3670082 53.1348012, 34.367128 53.1348144))",,,,
way,1190522845,"[11054217456, 11054217455, 11054217454, 11054217453, 11054217456]",yes,"POLYGON ((34.3668115 53.1347694, 34.3668571 53.1347034, 34.36675 53.1346767, 34.3667044 53.1347427, 34.3668115 53.1347694))",,,,
way,1190522846,"[11054217460, 11054217459, 11054217458, 11054217457, 11054217460]",yes,"POLYGON ((34.3666667 53.1350091, 34.3667042 53.1349673, 34.3666127 53.1349377, 34.3665752 53.1349796, 34.3666667 53.1350091))","Брянская область, р-н Брянский, п Свень, ул Клубная, уч 4/12",4/12,Клубная улица,ЕГРН
way,1190522847,"[11054217464, 11054217463, 11054217462, 11054217461, 11054217464]",yes,"POLYGON ((34.3664226 53.1351732, 34.3664575 53.135125, 34.3663695 53.1351021, 34.3663347 53.1351504, 34.3664226 53.1351732))","обл. Брянская, р-н Брянский, п. Свень, ул. Клубная, дом 6",6,Клубная улица,ЕГРН
way,1190522848,"[11054217468, 11054217467, 11054217466, 11054217465, 11054217468]",yes,"POLYGON ((34.36712 53.1358507, 34.3671548 53.1357944, 34.367048 53.1357706, 34.3670132 53.1358269, 34.36712 53.1358507))",,,,
way,1190522849,"[11054217472, 11054217469, 11054217470, 11054217471, 11054217472]",yes,"POLYGON ((34.3680319 53.1358539, 34.3680924 53.1357554, 34.3679193 53.1357171, 34.3678588 53.1358156, 34.3680319 53.1358539))","Брянская область, р-н Брянский, п Свень, ул Клубная, уч 20",20,Клубная улица,ЕГРН
way,1190522850,"[11054217476, 11054217475, 11054217474, 11054217473, 11054217476]",yes,"POLYGON ((34.3685308 53.1359311, 34.3685684 53.13587, 34.3683707 53.1358263, 34.3683332 53.1358875, 34.3685308 53.1359311))","Брянская область, р-н Брянский, п Свень, ул Клубная, д 14",14,Клубная улица,ЕГРН
way,1190522851,"[11054217480, 11054217479, 11054217478, 11054217477, 11054217480]",yes,"POLYGON ((34.3689626 53.1363045, 34.3689626 53.1362337, 34.3687481 53.1362337, 34.3687481 53.1363045, 34.3689626 53.1363045))","Российская Федерация, Брянская область, Брянский муниципальный район, Свенское сельское поселение, п. Свень, ул. Клубная, з/у 18/2",18/2,Клубная улица,ЕГРН
way,1190522852,"[11054217484, 11054217483, 11054217482, 11054217481, 11054217484]",yes,"POLYGON ((34.368327 53.1363093, 34.368335 53.1362256, 34.3682036 53.1362211, 34.3681955 53.1363047, 34.368327 53.1363093))","обл. Брянская, р-н Брянский, п. Свень, ул. Клубная, дом 16",16,Клубная улица,ЕГРН
way,1190522853,"[11054217488, 11054217487, 11054217486, 11054217485, 11054217488]",yes,"POLYGON ((34.3679139 53.1362288, 34.3679675 53.1361516, 34.3678055 53.1361111, 34.3677518 53.1361883, 34.3679139 53.1362288))","обл. Брянская, р-н Брянский, п. Свень, ул. Клубная, дом 12 А",12А,Клубная улица,ЕГРН
way,1190522854,"[11054217492, 11054217491, 11054217490, 11054217489, 11054217492]",yes,"POLYGON ((34.3673775 53.1361098, 34.3674123 53.1360454, 34.3673204 53.1360275, 34.3672856 53.1360918, 34.3673775 53.1361098))",,,,
way,1190523336,"[11054217497, 11054217496, 11054217493, 11054217495, 11054217494, 11054217497]",yes,"POLYGON ((34.3575954 53.1397848, 34.3576571 53.1397124, 34.3576177 53.1397003, 34.3575813 53.1396891, 34.3575196 53.1397615, 34.3575954 53.1397848))",,,,
